ID,SPECIES,TIMEad,HOUR,KG_HR,DAYS,KG_HR_DAY
1,MEPA,0:00,0,0,0,0
1,MEPA,0:05,0.083333333,0,0,0
1,MEPA,0:10,0.166666667,0,0,0
1,MEPA,0:15,0.25,0,0,0
1,MEPA,0:20,0.333333333,0,0,0
1,MEPA,0:25,0.416666667,0,0,0
1,MEPA,0:30,0.5,0.203333333,79,0.00257384
1,MEPA,0:35,0.583333333,1.728333333,79,0.021877637
1,MEPA,0:40,0.666666667,6.1,79,0.07721519
1,MEPA,0:45,0.75,16.72416667,79,0.211698312
1,MEPA,0:50,0.833333333,27.24666667,79,0.344894515
1,MEPA,0:55,0.916666667,51.01633333,79,0.645776371
1,MEPA,1:00,1,84.74933333,79,1.072776371
1,MEPA,1:05,1.083333333,128.2525,79,1.623449367
1,MEPA,1:10,1.166666667,147.0608333,79,1.861529536
1,MEPA,1:15,1.25,152.3475,79,1.928449367
1,MEPA,1:20,1.333333333,147.315,79,1.864746835
1,MEPA,1:25,1.416666667,102.5816667,79,1.29850211
1,MEPA,1:30,1.5,97.905,79,1.239303797
1,MEPA,1:35,1.583333333,65.21916667,79,0.825559072
1,MEPA,1:40,1.666666667,36.80333333,79,0.465864979
1,MEPA,1:45,1.75,24.2475,79,0.30693038
1,MEPA,1:50,1.833333333,8.743333333,79,0.110675105
1,MEPA,1:55,1.916666667,5.9475,79,0.07528481
1,MEPA,2:00,2,2.745,79,0.034746835
1,MEPA,2:05,2.083333333,2.541666667,79,0.032172996
1,MEPA,2:10,2.166666667,0,79,0
1,MEPA,2:15,2.25,0,79,0
1,MEPA,2:20,2.333333333,0,79,0
1,MEPA,2:25,2.416666667,0,79,0
1,MEPA,2:30,2.5,0,29,0
1,MEPA,2:35,2.583333333,0,29,0
1,MEPA,2:40,2.666666667,0,29,0
1,MEPA,2:45,2.75,0,29,0
1,MEPA,2:50,2.833333333,0,29,0
1,MEPA,2:55,2.916666667,0,29,0
1,MEPA,3:00,3,0,27,0
1,MEPA,3:05,3.083333333,0,27,0
1,MEPA,3:10,3.166666667,0,27,0
1,MEPA,3:15,3.25,0,27,0
1,MEPA,3:20,3.333333333,0,27,0
1,MEPA,3:25,3.416666667,0,27,0
1,MEPA,3:30,3.5,0,27,0
1,MEPA,3:35,3.583333333,0,27,0
1,MEPA,3:40,3.666666667,0,27,0
1,MEPA,3:45,3.75,0,27,0
1,MEPA,3:50,3.833333333,0,27,0
1,MEPA,3:55,3.916666667,0,27,0
1,MEPA,4:00,4,0,27,0
1,MEPA,4:05,4.083333333,0,27,0
1,MEPA,4:10,4.166666667,0,27,0
1,MEPA,4:15,4.25,0,27,0
1,MEPA,4:20,4.333333333,0,27,0
1,MEPA,4:25,4.416666667,0,27,0
1,MEPA,4:30,4.5,0,56,0
1,MEPA,4:35,4.583333333,0,56,0
1,MEPA,4:40,4.666666667,0,56,0
1,MEPA,4:45,4.75,0,56,0
1,MEPA,4:50,4.833333333,0,56,0
1,MEPA,4:55,4.916666667,0,56,0
1,MEPA,5:00,5,0,56,0
1,MEPA,5:05,5.083333333,0,56,0
1,MEPA,5:10,5.166666667,0,56,0
1,MEPA,5:15,5.25,0,56,0
1,MEPA,5:20,5.333333333,0,56,0
1,MEPA,5:25,5.416666667,0,56,0
1,MEPA,5:30,5.5,0,56,0
1,MEPA,5:35,5.583333333,0,56,0
1,MEPA,5:40,5.666666667,0,56,0
1,MEPA,5:45,5.75,0,56,0
1,MEPA,5:50,5.833333333,0,56,0
1,MEPA,5:55,5.916666667,0,56,0
1,MEPA,6:00,6,0,56,0
1,MEPA,6:05,6.083333333,0,56,0
1,MEPA,6:10,6.166666667,0,56,0
1,MEPA,6:15,6.25,0,56,0
1,MEPA,6:20,6.333333333,0,56,0
1,MEPA,6:25,6.416666667,0,56,0
1,MEPA,6:30,6.5,0,56,0
1,MEPA,6:35,6.583333333,0,56,0
1,MEPA,6:40,6.666666667,0,56,0
1,MEPA,6:45,6.75,0,56,0
1,MEPA,6:50,6.833333333,0,56,0
1,MEPA,6:55,6.916666667,0,56,0
1,MEPA,7:00,7,0,56,0
1,MEPA,7:05,7.083333333,0,56,0
1,MEPA,7:10,7.166666667,0,56,0
1,MEPA,7:15,7.25,0,56,0
1,MEPA,7:20,7.333333333,0,56,0
1,MEPA,7:25,7.416666667,0,56,0
1,MEPA,7:30,7.5,0,56,0
1,MEPA,7:35,7.583333333,0,56,0
1,MEPA,7:40,7.666666667,0,56,0
1,MEPA,7:45,7.75,0,56,0
1,MEPA,7:50,7.833333333,0,56,0
1,MEPA,7:55,7.916666667,0,56,0
1,MEPA,8:00,8,0,55,0
1,MEPA,8:05,8.083333333,0,55,0
1,MEPA,8:10,8.166666667,0,55,0
1,MEPA,8:15,8.25,0,55,0
1,MEPA,8:20,8.333333333,0,55,0
1,MEPA,8:25,8.416666667,0,55,0
1,MEPA,8:30,8.5,0,55,0
1,MEPA,8:35,8.583333333,0,55,0
1,MEPA,8:40,8.666666667,0,55,0
1,MEPA,8:45,8.75,0,55,0
1,MEPA,8:50,8.833333333,0,55,0
1,MEPA,8:55,8.916666667,0,55,0
1,MEPA,9:00,9,0,55,0
1,MEPA,9:05,9.083333333,0,55,0
1,MEPA,9:10,9.166666667,0,55,0
1,MEPA,9:15,9.25,0,55,0
1,MEPA,9:20,9.333333333,0,55,0
1,MEPA,9:25,9.416666667,0,55,0
1,MEPA,9:30,9.5,0,41,0
1,MEPA,9:35,9.583333333,0,41,0
1,MEPA,9:40,9.666666667,0,41,0
1,MEPA,9:45,9.75,0,41,0
1,MEPA,9:50,9.833333333,0,41,0
1,MEPA,9:55,9.916666667,0,41,0
1,MEPA,10:00,10,0,41,0
1,MEPA,10:05,10.08333333,0,41,0
1,MEPA,10:10,10.16666667,0,41,0
1,MEPA,10:15,10.25,0,41,0
1,MEPA,10:20,10.33333333,0,41,0
1,MEPA,10:25,10.41666667,0,41,0
1,MEPA,10:30,10.5,0,41,0
1,MEPA,10:35,10.58333333,0,41,0
1,MEPA,10:40,10.66666667,0,41,0
1,MEPA,10:45,10.75,0,41,0
1,MEPA,10:50,10.83333333,0,41,0
1,MEPA,10:55,10.91666667,0,41,0
1,MEPA,11:00,11,0,15,0
1,MEPA,11:05,11.08333333,0,15,0
1,MEPA,11:10,11.16666667,0,15,0
1,MEPA,11:15,11.25,0,15,0
1,MEPA,11:20,11.33333333,0,15,0
1,MEPA,11:25,11.41666667,0,15,0
1,MEPA,11:30,11.5,0,15,0
1,MEPA,11:35,11.58333333,0,15,0
1,MEPA,11:40,11.66666667,0,15,0
1,MEPA,11:45,11.75,0,15,0
1,MEPA,11:50,11.83333333,0,15,0
1,MEPA,11:55,11.91666667,0,15,0
1,MEPA,12:00,12,0,0,0
2,BHPA,0:00,0,0,0,0
2,BHPA,0:05,0.083333333,0,0,0
2,BHPA,0:10,0.166666667,0,0,0
2,BHPA,0:15,0.25,0,0,0
2,BHPA,0:20,0.333333333,0,0,0
2,BHPA,0:25,0.416666667,0.102916667,0,0
2,BHPA,0:30,0.5,4.116666667,79,0.052109705
2,BHPA,0:35,0.583333333,33.38616667,79,0.422609705
2,BHPA,0:40,0.666666667,81.42766667,79,1.030729958
2,BHPA,0:45,0.75,115.8224167,79,1.46610654
2,BHPA,0:50,0.833333333,123.9528333,79,1.569023207
2,BHPA,0:55,0.916666667,104.81445,79,1.32676519
2,BHPA,1:00,1,86.82461667,79,1.099045781
2,BHPA,1:05,1.083333333,72.16516667,79,0.913483122
2,BHPA,1:10,1.166666667,55.43091667,79,0.701657173
2,BHPA,1:15,1.25,41.29016667,79,0.522660338
2,BHPA,1:20,1.333333333,31.63658333,79,0.40046308
2,BHPA,1:25,1.416666667,19.49241667,79,0.246739451
2,BHPA,1:30,1.5,13.44091667,79,0.170138186
2,BHPA,1:35,1.583333333,9.653583333,79,0.122197257
2,BHPA,1:40,1.666666667,3.910833333,79,0.049504219
2,BHPA,1:45,1.75,2.47,79,0.031265823
2,BHPA,1:50,1.833333333,1.090916667,79,0.013809072
2,BHPA,1:55,1.916666667,0.514583333,79,0.006513713
2,BHPA,2:00,2,0.329333333,79,0.004168776
2,BHPA,2:05,2.083333333,0.1482,79,0.001875949
2,BHPA,2:10,2.166666667,0.238766667,79,0.003022363
2,BHPA,2:15,2.25,0.226416667,79,0.002866034
2,BHPA,2:20,2.333333333,0,79,0
2,BHPA,2:25,2.416666667,0,79,0
2,BHPA,2:30,2.5,0.06175,29,0.00212931
2,BHPA,2:35,2.583333333,0,29,0
2,BHPA,2:40,2.666666667,0,29,0
2,BHPA,2:45,2.75,0,29,0
2,BHPA,2:50,2.833333333,0,29,0
2,BHPA,2:55,2.916666667,0,29,0
2,BHPA,3:00,3,0,27,0
2,BHPA,3:05,3.083333333,0,27,0
2,BHPA,3:10,3.166666667,0,27,0
2,BHPA,3:15,3.25,0,27,0
2,BHPA,3:20,3.333333333,0,27,0
2,BHPA,3:25,3.416666667,0,27,0
2,BHPA,3:30,3.5,0,27,0
2,BHPA,3:35,3.583333333,0,27,0
2,BHPA,3:40,3.666666667,0,27,0
2,BHPA,3:45,3.75,0,27,0
2,BHPA,3:50,3.833333333,0,27,0
2,BHPA,3:55,3.916666667,0,27,0
2,BHPA,4:00,4,0,27,0
2,BHPA,4:05,4.083333333,0,27,0
2,BHPA,4:10,4.166666667,0,27,0
2,BHPA,4:15,4.25,0,27,0
2,BHPA,4:20,4.333333333,0,27,0
2,BHPA,4:25,4.416666667,0,27,0
2,BHPA,4:30,4.5,0,56,0
2,BHPA,4:35,4.583333333,0,56,0
2,BHPA,4:40,4.666666667,0,56,0
2,BHPA,4:45,4.75,0,56,0
2,BHPA,4:50,4.833333333,0,56,0
2,BHPA,4:55,4.916666667,0,56,0
2,BHPA,5:00,5,0,56,0
2,BHPA,5:05,5.083333333,0,56,0
2,BHPA,5:10,5.166666667,0,56,0
2,BHPA,5:15,5.25,0,56,0
2,BHPA,5:20,5.333333333,0,56,0
2,BHPA,5:25,5.416666667,0,56,0
2,BHPA,5:30,5.5,0,56,0
2,BHPA,5:35,5.583333333,0,56,0
2,BHPA,5:40,5.666666667,0,56,0
2,BHPA,5:45,5.75,0,56,0
2,BHPA,5:50,5.833333333,0,56,0
2,BHPA,5:55,5.916666667,0,56,0
2,BHPA,6:00,6,0,56,0
2,BHPA,6:05,6.083333333,0,56,0
2,BHPA,6:10,6.166666667,0,56,0
2,BHPA,6:15,6.25,0,56,0
2,BHPA,6:20,6.333333333,0,56,0
2,BHPA,6:25,6.416666667,0,56,0
2,BHPA,6:30,6.5,0,56,0
2,BHPA,6:35,6.583333333,0,56,0
2,BHPA,6:40,6.666666667,0,56,0
2,BHPA,6:45,6.75,0,56,0
2,BHPA,6:50,6.833333333,0,56,0
2,BHPA,6:55,6.916666667,0,56,0
2,BHPA,7:00,7,0,56,0
2,BHPA,7:05,7.083333333,0,56,0
2,BHPA,7:10,7.166666667,0,56,0
2,BHPA,7:15,7.25,0,56,0
2,BHPA,7:20,7.333333333,0,56,0
2,BHPA,7:25,7.416666667,0,56,0
2,BHPA,7:30,7.5,0,56,0
2,BHPA,7:35,7.583333333,0,56,0
2,BHPA,7:40,7.666666667,0,56,0
2,BHPA,7:45,7.75,0,56,0
2,BHPA,7:50,7.833333333,0,56,0
2,BHPA,7:55,7.916666667,0,56,0
2,BHPA,8:00,8,0,55,0
2,BHPA,8:05,8.083333333,0,55,0
2,BHPA,8:10,8.166666667,0,55,0
2,BHPA,8:15,8.25,0,55,0
2,BHPA,8:20,8.333333333,0,55,0
2,BHPA,8:25,8.416666667,0,55,0
2,BHPA,8:30,8.5,0,55,0
2,BHPA,8:35,8.583333333,0,55,0
2,BHPA,8:40,8.666666667,0,55,0
2,BHPA,8:45,8.75,0,55,0
2,BHPA,8:50,8.833333333,0,55,0
2,BHPA,8:55,8.916666667,0,55,0
2,BHPA,9:00,9,0,55,0
2,BHPA,9:05,9.083333333,0,55,0
2,BHPA,9:10,9.166666667,0,55,0
2,BHPA,9:15,9.25,0,55,0
2,BHPA,9:20,9.333333333,0,55,0
2,BHPA,9:25,9.416666667,0,55,0
2,BHPA,9:30,9.5,0,41,0
2,BHPA,9:35,9.583333333,0,41,0
2,BHPA,9:40,9.666666667,0,41,0
2,BHPA,9:45,9.75,0,41,0
2,BHPA,9:50,9.833333333,0,41,0
2,BHPA,9:55,9.916666667,0,41,0
2,BHPA,10:00,10,0,41,0
2,BHPA,10:05,10.08333333,0,41,0
2,BHPA,10:10,10.16666667,0,41,0
2,BHPA,10:15,10.25,0,41,0
2,BHPA,10:20,10.33333333,0,41,0
2,BHPA,10:25,10.41666667,0,41,0
2,BHPA,10:30,10.5,0,41,0
2,BHPA,10:35,10.58333333,0,41,0
2,BHPA,10:40,10.66666667,0,41,0
2,BHPA,10:45,10.75,0,41,0
2,BHPA,10:50,10.83333333,0,41,0
2,BHPA,10:55,10.91666667,0,41,0
2,BHPA,11:00,11,0,15,0
2,BHPA,11:05,11.08333333,0,15,0
2,BHPA,11:10,11.16666667,0,15,0
2,BHPA,11:15,11.25,0,15,0
2,BHPA,11:20,11.33333333,0,15,0
2,BHPA,11:25,11.41666667,0,15,0
2,BHPA,11:30,11.5,0,15,0
2,BHPA,11:35,11.58333333,0,15,0
2,BHPA,11:40,11.66666667,0,15,0
2,BHPA,11:45,11.75,0,15,0
2,BHPA,11:50,11.83333333,0,15,0
2,BHPA,11:55,11.91666667,0,15,0
2,BHPA,12:00,12,0,0,0
3,RGMA,0:00,0,0,0,0
3,RGMA,0:05,0.083333333,0,0,0
3,RGMA,0:10,0.166666667,0,0,0
3,RGMA,0:15,0.25,0,0,0
3,RGMA,0:20,0.333333333,0,0,0
3,RGMA,0:25,0.416666667,0,0,0
3,RGMA,0:30,0.5,0,79,0
3,RGMA,0:35,0.583333333,0,79,0
3,RGMA,0:40,0.666666667,0,79,0
3,RGMA,0:45,0.75,0,79,0
3,RGMA,0:50,0.833333333,0.958333333,79,0.012130802
3,RGMA,0:55,0.916666667,0.520833333,79,0.006592827
3,RGMA,1:00,1,1.666666667,79,0.021097046
3,RGMA,1:05,1.083333333,1.291666667,79,0.016350211
3,RGMA,1:10,1.166666667,0.729166667,79,0.009229958
3,RGMA,1:15,1.25,1.041666667,79,0.013185654
3,RGMA,1:20,1.333333333,0.729166667,79,0.009229958
3,RGMA,1:25,1.416666667,1.083333333,79,0.01371308
3,RGMA,1:30,1.5,0.520833333,79,0.006592827
3,RGMA,1:35,1.583333333,1.041666667,79,0.013185654
3,RGMA,1:40,1.666666667,0.9375,79,0.011867089
3,RGMA,1:45,1.75,0.416666667,79,0.005274262
3,RGMA,1:50,1.833333333,0.104166667,79,0.001318565
3,RGMA,1:55,1.916666667,0,79,0
3,RGMA,2:00,2,0.208333333,79,0.002637131
3,RGMA,2:05,2.083333333,0.520833333,79,0.006592827
3,RGMA,2:10,2.166666667,0.083333333,79,0.001054852
3,RGMA,2:15,2.25,0,79,0
3,RGMA,2:20,2.333333333,0,79,0
3,RGMA,2:25,2.416666667,0,79,0
3,RGMA,2:30,2.5,0,29,0
3,RGMA,2:35,2.583333333,0,29,0
3,RGMA,2:40,2.666666667,0,29,0
3,RGMA,2:45,2.75,0,29,0
3,RGMA,2:50,2.833333333,0,29,0
3,RGMA,2:55,2.916666667,0,29,0
3,RGMA,3:00,3,0.166666667,27,0.00617284
3,RGMA,3:05,3.083333333,0.583333333,27,0.021604938
3,RGMA,3:10,3.166666667,0.145833333,27,0.005401235
3,RGMA,3:15,3.25,0,27,0
3,RGMA,3:20,3.333333333,0,27,0
3,RGMA,3:25,3.416666667,0,27,0
3,RGMA,3:30,3.5,0,27,0
3,RGMA,3:35,3.583333333,0,27,0
3,RGMA,3:40,3.666666667,0.3125,27,0.011574074
3,RGMA,3:45,3.75,0,27,0
3,RGMA,3:50,3.833333333,0,27,0
3,RGMA,3:55,3.916666667,0.625,27,0.023148148
3,RGMA,4:00,4,1.979166667,27,0.073302469
3,RGMA,4:05,4.083333333,0,27,0
3,RGMA,4:10,4.166666667,0.625,27,0.023148148
3,RGMA,4:15,4.25,0,27,0
3,RGMA,4:20,4.333333333,0,27,0
3,RGMA,4:25,4.416666667,0,27,0
3,RGMA,4:30,4.5,0.333333333,56,0.005952381
3,RGMA,4:35,4.583333333,0.6875,56,0.012276786
3,RGMA,4:40,4.666666667,1.3125,56,0.0234375
3,RGMA,4:45,4.75,1.5,56,0.026785714
3,RGMA,4:50,4.833333333,1.104166667,56,0.019717262
3,RGMA,4:55,4.916666667,0.5625,56,0.010044643
3,RGMA,5:00,5,0,56,0
3,RGMA,5:05,5.083333333,0,56,0
3,RGMA,5:10,5.166666667,0,56,0
3,RGMA,5:15,5.25,0,56,0
3,RGMA,5:20,5.333333333,0,56,0
3,RGMA,5:25,5.416666667,0,56,0
3,RGMA,5:30,5.5,0,56,0
3,RGMA,5:35,5.583333333,0.416666667,56,0.007440476
3,RGMA,5:40,5.666666667,0.416666667,56,0.007440476
3,RGMA,5:45,5.75,0.958333333,56,0.017113095
3,RGMA,5:50,5.833333333,1.1875,56,0.021205357
3,RGMA,5:55,5.916666667,2.3125,56,0.041294643
3,RGMA,6:00,6,5.416666667,56,0.09672619
3,RGMA,6:05,6.083333333,6.833333333,56,0.12202381
3,RGMA,6:10,6.166666667,5.25,56,0.09375
3,RGMA,6:15,6.25,3.791666667,56,0.067708333
3,RGMA,6:20,6.333333333,3.25,56,0.058035714
3,RGMA,6:25,6.416666667,0,56,0
3,RGMA,6:30,6.5,0,56,0
3,RGMA,6:35,6.583333333,1.6875,56,0.030133929
3,RGMA,6:40,6.666666667,1.645833333,56,0.029389881
3,RGMA,6:45,6.75,1.4375,56,0.025669643
3,RGMA,6:50,6.833333333,1.604166667,56,0.028645833
3,RGMA,6:55,6.916666667,2.145833333,56,0.038318452
3,RGMA,7:00,7,3.6875,56,0.065848214
3,RGMA,7:05,7.083333333,4.666666667,56,0.083333333
3,RGMA,7:10,7.166666667,5.125,56,0.091517857
3,RGMA,7:15,7.25,0.833333333,56,0.014880952
3,RGMA,7:20,7.333333333,5.770833333,56,0.103050595
3,RGMA,7:25,7.416666667,7.208333333,56,0.128720238
3,RGMA,7:30,7.5,6.75,56,0.120535714
3,RGMA,7:35,7.583333333,4.895833333,56,0.087425595
3,RGMA,7:40,7.666666667,9.3125,56,0.166294643
3,RGMA,7:45,7.75,9.770833333,56,0.174479167
3,RGMA,7:50,7.833333333,8.333333333,56,0.148809524
3,RGMA,7:55,7.916666667,7.625,56,0.136160714
3,RGMA,8:00,8,8.104166667,55,0.147348485
3,RGMA,8:05,8.083333333,4.791666667,55,0.087121212
3,RGMA,8:10,8.166666667,8.604166667,55,0.156439394
3,RGMA,8:15,8.25,9.75,55,0.177272727
3,RGMA,8:20,8.333333333,10.0625,55,0.182954545
3,RGMA,8:25,8.416666667,12.35416667,55,0.224621212
3,RGMA,8:30,8.5,9.604166667,55,0.174621212
3,RGMA,8:35,8.583333333,9.395833333,55,0.170833333
3,RGMA,8:40,8.666666667,9.145833333,55,0.166287879
3,RGMA,8:45,8.75,11.14583333,55,0.202651515
3,RGMA,8:50,8.833333333,9.270833333,55,0.168560606
3,RGMA,8:55,8.916666667,6.25,55,0.113636364
3,RGMA,9:00,9,4.854166667,55,0.088257576
3,RGMA,9:05,9.083333333,3.625,55,0.065909091
3,RGMA,9:10,9.166666667,2.416666667,55,0.043939394
3,RGMA,9:15,9.25,7.229166667,55,0.131439394
3,RGMA,9:20,9.333333333,5.208333333,55,0.09469697
3,RGMA,9:25,9.416666667,5.604166667,55,0.101893939
3,RGMA,9:30,9.5,5.916666667,41,0.144308943
3,RGMA,9:35,9.583333333,4.583333333,41,0.111788618
3,RGMA,9:40,9.666666667,2.375,41,0.057926829
3,RGMA,9:45,9.75,1.5625,41,0.038109756
3,RGMA,9:50,9.833333333,2.666666667,41,0.06504065
3,RGMA,9:55,9.916666667,1.791666667,41,0.043699187
3,RGMA,10:00,10,1.4375,41,0.035060976
3,RGMA,10:05,10.08333333,1.875,41,0.045731707
3,RGMA,10:10,10.16666667,0.0625,41,0.00152439
3,RGMA,10:15,10.25,0.979166667,41,0.023882114
3,RGMA,10:20,10.33333333,0.916666667,41,0.022357724
3,RGMA,10:25,10.41666667,0.895833333,41,0.021849593
3,RGMA,10:30,10.5,2.166666667,41,0.052845528
3,RGMA,10:35,10.58333333,1.375,41,0.033536585
3,RGMA,10:40,10.66666667,1.6875,41,0.041158537
3,RGMA,10:45,10.75,0.833333333,41,0.020325203
3,RGMA,10:50,10.83333333,0,41,0
3,RGMA,10:55,10.91666667,0.416666667,41,0.010162602
3,RGMA,11:00,11,0.104166667,15,0.006944444
3,RGMA,11:05,11.08333333,0,15,0
3,RGMA,11:10,11.16666667,0,15,0
3,RGMA,11:15,11.25,0,15,0
3,RGMA,11:20,11.33333333,0,15,0
3,RGMA,11:25,11.41666667,0,15,0
3,RGMA,11:30,11.5,0,15,0
3,RGMA,11:35,11.58333333,0,15,0
3,RGMA,11:40,11.66666667,0,15,0
3,RGMA,11:45,11.75,0,15,0
3,RGMA,11:50,11.83333333,0,15,0
3,RGMA,11:55,11.91666667,0,15,0
3,RGMA,12:00,12,0,0,0
4,GRMA,0:00,0,0,0,0
4,GRMA,0:05,0.083333333,0,0,0
4,GRMA,0:10,0.166666667,0,0,0
4,GRMA,0:15,0.25,0,0,0
4,GRMA,0:20,0.333333333,0,0,0
4,GRMA,0:25,0.416666667,0.933333333,0,0
4,GRMA,0:30,0.5,7.866666667,79,0.099578059
4,GRMA,0:35,0.583333333,28.4,79,0.359493671
4,GRMA,0:40,0.666666667,47.1,79,0.596202532
4,GRMA,0:45,0.75,56.33333333,79,0.713080169
4,GRMA,0:50,0.833333333,46.63333333,79,0.590295359
4,GRMA,0:55,0.916666667,32.82,79,0.415443038
4,GRMA,1:00,1,30.60666667,79,0.38742616
4,GRMA,1:05,1.083333333,21.43333333,79,0.271308017
4,GRMA,1:10,1.166666667,16.5,79,0.208860759
4,GRMA,1:15,1.25,12.96666667,79,0.164135021
4,GRMA,1:20,1.333333333,8.1,79,0.102531646
4,GRMA,1:25,1.416666667,5.633333333,79,0.071308017
4,GRMA,1:30,1.5,4.966666667,79,0.062869198
4,GRMA,1:35,1.583333333,2.466666667,79,0.031223629
4,GRMA,1:40,1.666666667,1.2,79,0.015189873
4,GRMA,1:45,1.75,0.366666667,79,0.00464135
4,GRMA,1:50,1.833333333,0,79,0
4,GRMA,1:55,1.916666667,0,79,0
4,GRMA,2:00,2,0,79,0
4,GRMA,2:05,2.083333333,0,79,0
4,GRMA,2:10,2.166666667,0,79,0
4,GRMA,2:15,2.25,0,79,0
4,GRMA,2:20,2.333333333,0,79,0
4,GRMA,2:25,2.416666667,0,79,0
4,GRMA,2:30,2.5,0,29,0
4,GRMA,2:35,2.583333333,0,29,0
4,GRMA,2:40,2.666666667,0,29,0
4,GRMA,2:45,2.75,0,29,0
4,GRMA,2:50,2.833333333,0,29,0
4,GRMA,2:55,2.916666667,0,29,0
4,GRMA,3:00,3,0,27,0
4,GRMA,3:05,3.083333333,0,27,0
4,GRMA,3:10,3.166666667,0,27,0
4,GRMA,3:15,3.25,0,27,0
4,GRMA,3:20,3.333333333,0,27,0
4,GRMA,3:25,3.416666667,0,27,0
4,GRMA,3:30,3.5,0,27,0
4,GRMA,3:35,3.583333333,0,27,0
4,GRMA,3:40,3.666666667,0,27,0
4,GRMA,3:45,3.75,0,27,0
4,GRMA,3:50,3.833333333,0,27,0
4,GRMA,3:55,3.916666667,0,27,0
4,GRMA,4:00,4,0,27,0
4,GRMA,4:05,4.083333333,0,27,0
4,GRMA,4:10,4.166666667,0.533333333,27,0.019753086
4,GRMA,4:15,4.25,0,27,0
4,GRMA,4:20,4.333333333,0,27,0
4,GRMA,4:25,4.416666667,0,27,0
4,GRMA,4:30,4.5,0,56,0
4,GRMA,4:35,4.583333333,0,56,0
4,GRMA,4:40,4.666666667,0,56,0
4,GRMA,4:45,4.75,0,56,0
4,GRMA,4:50,4.833333333,0,56,0
4,GRMA,4:55,4.916666667,0,56,0
4,GRMA,5:00,5,0,56,0
4,GRMA,5:05,5.083333333,0,56,0
4,GRMA,5:10,5.166666667,0,56,0
4,GRMA,5:15,5.25,0,56,0
4,GRMA,5:20,5.333333333,0,56,0
4,GRMA,5:25,5.416666667,0,56,0
4,GRMA,5:30,5.5,0,56,0
4,GRMA,5:35,5.583333333,0,56,0
4,GRMA,5:40,5.666666667,0,56,0
4,GRMA,5:45,5.75,0,56,0
4,GRMA,5:50,5.833333333,0,56,0
4,GRMA,5:55,5.916666667,0,56,0
4,GRMA,6:00,6,0,56,0
4,GRMA,6:05,6.083333333,0,56,0
4,GRMA,6:10,6.166666667,0,56,0
4,GRMA,6:15,6.25,0,56,0
4,GRMA,6:20,6.333333333,0,56,0
4,GRMA,6:25,6.416666667,0,56,0
4,GRMA,6:30,6.5,0,56,0
4,GRMA,6:35,6.583333333,0,56,0
4,GRMA,6:40,6.666666667,0,56,0
4,GRMA,6:45,6.75,0,56,0
4,GRMA,6:50,6.833333333,0,56,0
4,GRMA,6:55,6.916666667,0,56,0
4,GRMA,7:00,7,0,56,0
4,GRMA,7:05,7.083333333,0,56,0
4,GRMA,7:10,7.166666667,0,56,0
4,GRMA,7:15,7.25,0,56,0
4,GRMA,7:20,7.333333333,0,56,0
4,GRMA,7:25,7.416666667,0,56,0
4,GRMA,7:30,7.5,0,56,0
4,GRMA,7:35,7.583333333,0,56,0
4,GRMA,7:40,7.666666667,0,56,0
4,GRMA,7:45,7.75,0,56,0
4,GRMA,7:50,7.833333333,0,56,0
4,GRMA,7:55,7.916666667,0,56,0
4,GRMA,8:00,8,0,55,0
4,GRMA,8:05,8.083333333,0,55,0
4,GRMA,8:10,8.166666667,0,55,0
4,GRMA,8:15,8.25,0,55,0
4,GRMA,8:20,8.333333333,0,55,0
4,GRMA,8:25,8.416666667,0,55,0
4,GRMA,8:30,8.5,0,55,0
4,GRMA,8:35,8.583333333,0,55,0
4,GRMA,8:40,8.666666667,0,55,0
4,GRMA,8:45,8.75,0,55,0
4,GRMA,8:50,8.833333333,0,55,0
4,GRMA,8:55,8.916666667,0,55,0
4,GRMA,9:00,9,0,55,0
4,GRMA,9:05,9.083333333,0,55,0
4,GRMA,9:10,9.166666667,0,55,0
4,GRMA,9:15,9.25,0,55,0
4,GRMA,9:20,9.333333333,0,55,0
4,GRMA,9:25,9.416666667,0,55,0
4,GRMA,9:30,9.5,0,41,0
4,GRMA,9:35,9.583333333,0.033333333,41,0.000813008
4,GRMA,9:40,9.666666667,0,41,0
4,GRMA,9:45,9.75,0,41,0
4,GRMA,9:50,9.833333333,0,41,0
4,GRMA,9:55,9.916666667,0,41,0
4,GRMA,10:00,10,0.1,41,0.002439024
4,GRMA,10:05,10.08333333,0,41,0
4,GRMA,10:10,10.16666667,0,41,0
4,GRMA,10:15,10.25,0,41,0
4,GRMA,10:20,10.33333333,0,41,0
4,GRMA,10:25,10.41666667,0,41,0
4,GRMA,10:30,10.5,0,41,0
4,GRMA,10:35,10.58333333,0,41,0
4,GRMA,10:40,10.66666667,0,41,0
4,GRMA,10:45,10.75,0,41,0
4,GRMA,10:50,10.83333333,0,41,0
4,GRMA,10:55,10.91666667,0,41,0
4,GRMA,11:00,11,0,15,0
4,GRMA,11:05,11.08333333,0,15,0
4,GRMA,11:10,11.16666667,0,15,0
4,GRMA,11:15,11.25,0,15,0
4,GRMA,11:20,11.33333333,0,15,0
4,GRMA,11:25,11.41666667,0,15,0
4,GRMA,11:30,11.5,0,15,0
4,GRMA,11:35,11.58333333,0,15,0
4,GRMA,11:40,11.66666667,0,15,0
4,GRMA,11:45,11.75,0,15,0
4,GRMA,11:50,11.83333333,0,15,0
4,GRMA,11:55,11.91666667,0,15,0
4,GRMA,12:00,12,0,0,0
5,YCPA,0:00,0,0,0,0
5,YCPA,0:05,0.083333333,0,0,0
5,YCPA,0:10,0.166666667,0,0,0
5,YCPA,0:15,0.25,0,0,0
5,YCPA,0:20,0.333333333,0,0,0
5,YCPA,0:25,0.416666667,1.445,0,0
5,YCPA,0:30,0.5,5.95,79,0.075316456
5,YCPA,0:35,0.583333333,26.2225,79,0.33193038
5,YCPA,0:40,0.666666667,44.2425,79,0.560031646
5,YCPA,0:45,0.75,41.65,79,0.52721519
5,YCPA,0:50,0.833333333,34.6375,79,0.438449367
5,YCPA,0:55,0.916666667,26.282,79,0.332683544
5,YCPA,1:00,1,13.3535,79,0.169031646
5,YCPA,1:05,1.083333333,12.1975,79,0.154398734
5,YCPA,1:10,1.166666667,7.565,79,0.095759494
5,YCPA,1:15,1.25,6.375,79,0.080696203
5,YCPA,1:20,1.333333333,3.1025,79,0.039272152
5,YCPA,1:25,1.416666667,1.955,79,0.024746835
5,YCPA,1:30,1.5,0.9775,79,0.012373418
5,YCPA,1:35,1.583333333,0.2975,79,0.003765823
5,YCPA,1:40,1.666666667,0.0425,79,0.000537975
5,YCPA,1:45,1.75,0,79,0
5,YCPA,1:50,1.833333333,0,79,0
5,YCPA,1:55,1.916666667,0,79,0
5,YCPA,2:00,2,0,79,0
5,YCPA,2:05,2.083333333,0,79,0
5,YCPA,2:10,2.166666667,0,79,0
5,YCPA,2:15,2.25,0,79,0
5,YCPA,2:20,2.333333333,0,79,0
5,YCPA,2:25,2.416666667,0,79,0
5,YCPA,2:30,2.5,0,29,0
5,YCPA,2:35,2.583333333,0,29,0
5,YCPA,2:40,2.666666667,0,29,0
5,YCPA,2:45,2.75,0,29,0
5,YCPA,2:50,2.833333333,0,29,0
5,YCPA,2:55,2.916666667,0,29,0
5,YCPA,3:00,3,0,27,0
5,YCPA,3:05,3.083333333,0,27,0
5,YCPA,3:10,3.166666667,0,27,0
5,YCPA,3:15,3.25,0,27,0
5,YCPA,3:20,3.333333333,0,27,0
5,YCPA,3:25,3.416666667,0,27,0
5,YCPA,3:30,3.5,0,27,0
5,YCPA,3:35,3.583333333,0,27,0
5,YCPA,3:40,3.666666667,0,27,0
5,YCPA,3:45,3.75,0,27,0
5,YCPA,3:50,3.833333333,0,27,0
5,YCPA,3:55,3.916666667,0,27,0
5,YCPA,4:00,4,0,27,0
5,YCPA,4:05,4.083333333,0,27,0
5,YCPA,4:10,4.166666667,0,27,0
5,YCPA,4:15,4.25,0,27,0
5,YCPA,4:20,4.333333333,0,27,0
5,YCPA,4:25,4.416666667,0,27,0
5,YCPA,4:30,4.5,0,56,0
5,YCPA,4:35,4.583333333,0,56,0
5,YCPA,4:40,4.666666667,0,56,0
5,YCPA,4:45,4.75,0,56,0
5,YCPA,4:50,4.833333333,0,56,0
5,YCPA,4:55,4.916666667,0,56,0
5,YCPA,5:00,5,0,56,0
5,YCPA,5:05,5.083333333,0,56,0
5,YCPA,5:10,5.166666667,0,56,0
5,YCPA,5:15,5.25,0,56,0
5,YCPA,5:20,5.333333333,0,56,0
5,YCPA,5:25,5.416666667,0,56,0
5,YCPA,5:30,5.5,0,56,0
5,YCPA,5:35,5.583333333,0,56,0
5,YCPA,5:40,5.666666667,0,56,0
5,YCPA,5:45,5.75,0,56,0
5,YCPA,5:50,5.833333333,0,56,0
5,YCPA,5:55,5.916666667,0,56,0
5,YCPA,6:00,6,0,56,0
5,YCPA,6:05,6.083333333,0,56,0
5,YCPA,6:10,6.166666667,0,56,0
5,YCPA,6:15,6.25,0,56,0
5,YCPA,6:20,6.333333333,0,56,0
5,YCPA,6:25,6.416666667,0,56,0
5,YCPA,6:30,6.5,0,56,0
5,YCPA,6:35,6.583333333,0,56,0
5,YCPA,6:40,6.666666667,0,56,0
5,YCPA,6:45,6.75,0,56,0
5,YCPA,6:50,6.833333333,0,56,0
5,YCPA,6:55,6.916666667,0,56,0
5,YCPA,7:00,7,0,56,0
5,YCPA,7:05,7.083333333,0,56,0
5,YCPA,7:10,7.166666667,0,56,0
5,YCPA,7:15,7.25,0,56,0
5,YCPA,7:20,7.333333333,0,56,0
5,YCPA,7:25,7.416666667,0,56,0
5,YCPA,7:30,7.5,0,56,0
5,YCPA,7:35,7.583333333,0,56,0
5,YCPA,7:40,7.666666667,0,56,0
5,YCPA,7:45,7.75,0,56,0
5,YCPA,7:50,7.833333333,0,56,0
5,YCPA,7:55,7.916666667,0,56,0
5,YCPA,8:00,8,0,55,0
5,YCPA,8:05,8.083333333,0,55,0
5,YCPA,8:10,8.166666667,0,55,0
5,YCPA,8:15,8.25,0,55,0
5,YCPA,8:20,8.333333333,0,55,0
5,YCPA,8:25,8.416666667,0,55,0
5,YCPA,8:30,8.5,0,55,0
5,YCPA,8:35,8.583333333,0,55,0
5,YCPA,8:40,8.666666667,0,55,0
5,YCPA,8:45,8.75,0,55,0
5,YCPA,8:50,8.833333333,0,55,0
5,YCPA,8:55,8.916666667,0,55,0
5,YCPA,9:00,9,0,55,0
5,YCPA,9:05,9.083333333,0,55,0
5,YCPA,9:10,9.166666667,0,55,0
5,YCPA,9:15,9.25,0,55,0
5,YCPA,9:20,9.333333333,0,55,0
5,YCPA,9:25,9.416666667,0,55,0
5,YCPA,9:30,9.5,0,41,0
5,YCPA,9:35,9.583333333,0,41,0
5,YCPA,9:40,9.666666667,0,41,0
5,YCPA,9:45,9.75,0,41,0
5,YCPA,9:50,9.833333333,0,41,0
5,YCPA,9:55,9.916666667,0,41,0
5,YCPA,10:00,10,0,41,0
5,YCPA,10:05,10.08333333,0,41,0
5,YCPA,10:10,10.16666667,0,41,0
5,YCPA,10:15,10.25,0,41,0
5,YCPA,10:20,10.33333333,0,41,0
5,YCPA,10:25,10.41666667,0,41,0
5,YCPA,10:30,10.5,0,41,0
5,YCPA,10:35,10.58333333,0,41,0
5,YCPA,10:40,10.66666667,0,41,0
5,YCPA,10:45,10.75,0,41,0
5,YCPA,10:50,10.83333333,0,41,0
5,YCPA,10:55,10.91666667,0,41,0
5,YCPA,11:00,11,0,15,0
5,YCPA,11:05,11.08333333,0,15,0
5,YCPA,11:10,11.16666667,0,15,0
5,YCPA,11:15,11.25,0,15,0
5,YCPA,11:20,11.33333333,0,15,0
5,YCPA,11:25,11.41666667,0,15,0
5,YCPA,11:30,11.5,0,15,0
5,YCPA,11:35,11.58333333,0,15,0
5,YCPA,11:40,11.66666667,0,15,0
5,YCPA,11:45,11.75,0,15,0
5,YCPA,11:50,11.83333333,0,15,0
5,YCPA,11:55,11.91666667,0,15,0
5,YCPA,12:00,12,0,0,0
6,SCMA,0:00,0,0,0,0
6,SCMA,0:05,0.083333333,0,0,0
6,SCMA,0:10,0.166666667,0,0,0
6,SCMA,0:15,0.25,0,0,0
6,SCMA,0:20,0.333333333,0,0,0
6,SCMA,0:25,0.416666667,0,0,0
6,SCMA,0:30,0.5,0.084583333,79,0.001070675
6,SCMA,0:35,0.583333333,0.338333333,79,0.0042827
6,SCMA,0:40,0.666666667,2.977333333,79,0.037687764
6,SCMA,0:45,0.75,2.825083333,79,0.035760549
6,SCMA,0:50,0.833333333,4.3645,79,0.055246835
6,SCMA,0:55,0.916666667,8.458333333,79,0.107067511
6,SCMA,1:00,1,8.965833333,79,0.113491561
6,SCMA,1:05,1.083333333,9.89625,79,0.125268987
6,SCMA,1:10,1.166666667,11.85858333,79,0.15010865
6,SCMA,1:15,1.25,13.65175,79,0.172806962
6,SCMA,1:20,1.333333333,13.56716667,79,0.171736287
6,SCMA,1:25,1.416666667,6.512916667,79,0.082441983
6,SCMA,1:30,1.5,5.413333333,79,0.068523207
6,SCMA,1:35,1.583333333,4.246083333,79,0.05374789
6,SCMA,1:40,1.666666667,2.706666667,79,0.034261603
6,SCMA,1:45,1.75,1.860833333,79,0.023554852
6,SCMA,1:50,1.833333333,0.338333333,79,0.0042827
6,SCMA,1:55,1.916666667,0.592083333,79,0.007494726
6,SCMA,2:00,2,0.1015,79,0.00128481
6,SCMA,2:05,2.083333333,0.35525,79,0.004496835
6,SCMA,2:10,2.166666667,0,79,0
6,SCMA,2:15,2.25,0,79,0
6,SCMA,2:20,2.333333333,0,79,0
6,SCMA,2:25,2.416666667,0,79,0
6,SCMA,2:30,2.5,0,29,0
6,SCMA,2:35,2.583333333,0,29,0
6,SCMA,2:40,2.666666667,0,29,0
6,SCMA,2:45,2.75,0,29,0
6,SCMA,2:50,2.833333333,0,29,0
6,SCMA,2:55,2.916666667,0,29,0
6,SCMA,3:00,3,0.169166667,27,0.006265432
6,SCMA,3:05,3.083333333,0.203,27,0.007518519
6,SCMA,3:10,3.166666667,0.05075,27,0.00187963
6,SCMA,3:15,3.25,0,27,0
6,SCMA,3:20,3.333333333,0,27,0
6,SCMA,3:25,3.416666667,0,27,0
6,SCMA,3:30,3.5,0,27,0
6,SCMA,3:35,3.583333333,0,27,0
6,SCMA,3:40,3.666666667,0.338333333,27,0.012530864
6,SCMA,3:45,3.75,0,27,0
6,SCMA,3:50,3.833333333,0,27,0
6,SCMA,3:55,3.916666667,0.676666667,27,0.025061728
6,SCMA,4:00,4,2.114583333,27,0.078317901
6,SCMA,4:05,4.083333333,0,27,0
6,SCMA,4:10,4.166666667,0.930416667,27,0.034459877
6,SCMA,4:15,4.25,0,27,0
6,SCMA,4:20,4.333333333,0,27,0
6,SCMA,4:25,4.416666667,0,27,0
6,SCMA,4:30,4.5,0.084583333,56,0.001510417
6,SCMA,4:35,4.583333333,0.169166667,56,0.003020833
6,SCMA,4:40,4.666666667,0.1015,56,0.0018125
6,SCMA,4:45,4.75,0.25375,56,0.00453125
6,SCMA,4:50,4.833333333,0.084583333,56,0.001510417
6,SCMA,4:55,4.916666667,0.084583333,56,0.001510417
6,SCMA,5:00,5,0,56,0
6,SCMA,5:05,5.083333333,0,56,0
6,SCMA,5:10,5.166666667,0,56,0
6,SCMA,5:15,5.25,0,56,0
6,SCMA,5:20,5.333333333,0,56,0
6,SCMA,5:25,5.416666667,0,56,0
6,SCMA,5:30,5.5,0,56,0
6,SCMA,5:35,5.583333333,0.338333333,56,0.006041667
6,SCMA,5:40,5.666666667,0.169166667,56,0.003020833
6,SCMA,5:45,5.75,0.067666667,56,0.001208333
6,SCMA,5:50,5.833333333,0.203,56,0.003625
6,SCMA,5:55,5.916666667,0.372166667,56,0.006645833
6,SCMA,6:00,6,1.7255,56,0.0308125
6,SCMA,6:05,6.083333333,2.89275,56,0.05165625
6,SCMA,6:10,6.166666667,1.97925,56,0.03534375
6,SCMA,6:15,6.25,1.387166667,56,0.024770833
6,SCMA,6:20,6.333333333,0.845833333,56,0.015104167
6,SCMA,6:25,6.416666667,0,56,0
6,SCMA,6:30,6.5,0,56,0
6,SCMA,6:35,6.583333333,0.15225,56,0.00271875
6,SCMA,6:40,6.666666667,0.524416667,56,0.009364583
6,SCMA,6:45,6.75,0.592083333,56,0.010572917
6,SCMA,6:50,6.833333333,0.45675,56,0.00815625
6,SCMA,6:55,6.916666667,0.3045,56,0.0054375
6,SCMA,7:00,7,0.473666667,56,0.008458333
6,SCMA,7:05,7.083333333,0.65975,56,0.01178125
6,SCMA,7:10,7.166666667,0.55825,56,0.00996875
6,SCMA,7:15,7.25,0.15225,56,0.00271875
6,SCMA,7:20,7.333333333,1.048833333,56,0.018729167
6,SCMA,7:25,7.416666667,1.302583333,56,0.023260417
6,SCMA,7:30,7.5,1.7255,56,0.0308125
6,SCMA,7:35,7.583333333,1.454833333,56,0.025979167
6,SCMA,7:40,7.666666667,2.08075,56,0.03715625
6,SCMA,7:45,7.75,1.911583333,56,0.034135417
6,SCMA,7:50,7.833333333,2.165333333,56,0.038666667
6,SCMA,7:55,7.916666667,1.556333333,56,0.027791667
6,SCMA,8:00,8,1.251833333,55,0.022760606
6,SCMA,8:05,8.083333333,0.642833333,55,0.011687879
6,SCMA,8:10,8.166666667,0.998083333,55,0.01814697
6,SCMA,8:15,8.25,1.5225,55,0.027681818
6,SCMA,8:20,8.333333333,1.793166667,55,0.03260303
6,SCMA,8:25,8.416666667,2.063833333,55,0.037524242
6,SCMA,8:30,8.5,1.97925,55,0.035986364
6,SCMA,8:35,8.583333333,1.962333333,55,0.035678788
6,SCMA,8:40,8.666666667,2.249916667,55,0.040907576
6,SCMA,8:45,8.75,2.317583333,55,0.042137879
6,SCMA,8:50,8.833333333,2.7405,55,0.049827273
6,SCMA,8:55,8.916666667,2.1315,55,0.038754545
6,SCMA,9:00,9,1.810083333,55,0.032910606
6,SCMA,9:05,9.083333333,1.082666667,55,0.019684848
6,SCMA,9:10,9.166666667,1.16725,55,0.021222727
6,SCMA,9:15,9.25,2.5375,55,0.046136364
6,SCMA,9:20,9.333333333,2.672833333,55,0.04859697
6,SCMA,9:25,9.416666667,2.097666667,55,0.038139394
6,SCMA,9:30,9.5,1.77625,41,0.043323171
6,SCMA,9:35,9.583333333,1.16725,41,0.028469512
6,SCMA,9:40,9.666666667,0.693583333,41,0.016916667
6,SCMA,9:45,9.75,0.236833333,41,0.005776423
6,SCMA,9:50,9.833333333,0.084583333,41,0.002063008
6,SCMA,9:55,9.916666667,0.169166667,41,0.004126016
6,SCMA,10:00,10,0.287583333,41,0.007014228
6,SCMA,10:05,10.08333333,0.169166667,41,0.004126016
6,SCMA,10:10,10.16666667,0.016916667,41,0.000412602
6,SCMA,10:15,10.25,0.642833333,41,0.015678862
6,SCMA,10:20,10.33333333,1.336416667,41,0.032595528
6,SCMA,10:25,10.41666667,1.590166667,41,0.038784553
6,SCMA,10:30,10.5,1.9285,41,0.047036585
6,SCMA,10:35,10.58333333,2.08075,41,0.05075
6,SCMA,10:40,10.66666667,0.812,41,0.019804878
6,SCMA,10:45,10.75,0.338333333,41,0.008252033
6,SCMA,10:50,10.83333333,0,41,0
6,SCMA,10:55,10.91666667,0,41,0
6,SCMA,11:00,11,0,15,0
6,SCMA,11:05,11.08333333,0,15,0
6,SCMA,11:10,11.16666667,0,15,0
6,SCMA,11:15,11.25,0,15,0
6,SCMA,11:20,11.33333333,0,15,0
6,SCMA,11:25,11.41666667,0,15,0
6,SCMA,11:30,11.5,0,15,0
6,SCMA,11:35,11.58333333,0,15,0
6,SCMA,11:40,11.66666667,0,15,0
6,SCMA,11:45,11.75,0,15,0
6,SCMA,11:50,11.83333333,0,15,0
6,SCMA,11:55,11.91666667,0,15,0
6,SCMA,12:00,12,0,0,0
7,BYMA,0:00,0,0,0,0
7,BYMA,0:05,0.083333333,0,0,0
7,BYMA,0:10,0.166666667,0,0,0
7,BYMA,0:15,0.25,0,0,0
7,BYMA,0:20,0.333333333,0,0,0
7,BYMA,0:25,0.416666667,0,0,0
7,BYMA,0:30,0.5,1.40625,79,0.017800633
7,BYMA,0:35,0.583333333,3.84375,79,0.048655063
7,BYMA,0:40,0.666666667,9.1875,79,0.116297468
7,BYMA,0:45,0.75,10.03125,79,0.126977848
7,BYMA,0:50,0.833333333,14.41875,79,0.182515823
7,BYMA,0:55,0.916666667,15.9375,79,0.201740506
7,BYMA,1:00,1,13.5,79,0.170886076
7,BYMA,1:05,1.083333333,12.73125,79,0.161155063
7,BYMA,1:10,1.166666667,11.34375,79,0.143591772
7,BYMA,1:15,1.25,11.34375,79,0.143591772
7,BYMA,1:20,1.333333333,9.375,79,0.118670886
7,BYMA,1:25,1.416666667,6.75,79,0.085443038
7,BYMA,1:30,1.5,6.01875,79,0.076186709
7,BYMA,1:35,1.583333333,5.53125,79,0.070015823
7,BYMA,1:40,1.666666667,4.40625,79,0.055775316
7,BYMA,1:45,1.75,2.53125,79,0.032041139
7,BYMA,1:50,1.833333333,0.09375,79,0.001186709
7,BYMA,1:55,1.916666667,1.21875,79,0.015427215
7,BYMA,2:00,2,0.09375,79,0.001186709
7,BYMA,2:05,2.083333333,0.09375,79,0.001186709
7,BYMA,2:10,2.166666667,0,79,0
7,BYMA,2:15,2.25,0,79,0
7,BYMA,2:20,2.333333333,0,79,0
7,BYMA,2:25,2.416666667,0,79,0
7,BYMA,2:30,2.5,0,29,0
7,BYMA,2:35,2.583333333,0,29,0
7,BYMA,2:40,2.666666667,0,29,0
7,BYMA,2:45,2.75,0,29,0
7,BYMA,2:50,2.833333333,0,29,0
7,BYMA,2:55,2.916666667,0,29,0
7,BYMA,3:00,3,0.0375,27,0.001388889
7,BYMA,3:05,3.083333333,0.6375,27,0.023611111
7,BYMA,3:10,3.166666667,0.225,27,0.008333333
7,BYMA,3:15,3.25,0,27,0
7,BYMA,3:20,3.333333333,0,27,0
7,BYMA,3:25,3.416666667,0,27,0
7,BYMA,3:30,3.5,0,27,0
7,BYMA,3:35,3.583333333,0,27,0
7,BYMA,3:40,3.666666667,0.375,27,0.013888889
7,BYMA,3:45,3.75,0,27,0
7,BYMA,3:50,3.833333333,0,27,0
7,BYMA,3:55,3.916666667,1.125,27,0.041666667
7,BYMA,4:00,4,4.03125,27,0.149305556
7,BYMA,4:05,4.083333333,0,27,0
7,BYMA,4:10,4.166666667,1.5,27,0.055555556
7,BYMA,4:15,4.25,0,27,0
7,BYMA,4:20,4.333333333,0,27,0
7,BYMA,4:25,4.416666667,0,27,0
7,BYMA,4:30,4.5,0.28125,56,0.005022321
7,BYMA,4:35,4.583333333,0.16875,56,0.003013393
7,BYMA,4:40,4.666666667,0.31875,56,0.005691964
7,BYMA,4:45,4.75,0.7125,56,0.012723214
7,BYMA,4:50,4.833333333,0.20625,56,0.003683036
7,BYMA,4:55,4.916666667,0.15,56,0.002678571
7,BYMA,5:00,5,0,56,0
7,BYMA,5:05,5.083333333,0,56,0
7,BYMA,5:10,5.166666667,0,56,0
7,BYMA,5:15,5.25,0,56,0
7,BYMA,5:20,5.333333333,0,56,0
7,BYMA,5:25,5.416666667,0,56,0
7,BYMA,5:30,5.5,0,56,0
7,BYMA,5:35,5.583333333,1.21875,56,0.021763393
7,BYMA,5:40,5.666666667,0,56,0
7,BYMA,5:45,5.75,0.80625,56,0.014397321
7,BYMA,5:50,5.833333333,1.21875,56,0.021763393
7,BYMA,5:55,5.916666667,1.81875,56,0.032477679
7,BYMA,6:00,6,1.85625,56,0.033147321
7,BYMA,6:05,6.083333333,1.0125,56,0.018080357
7,BYMA,6:10,6.166666667,1.29375,56,0.023102679
7,BYMA,6:15,6.25,0.3,56,0.005357143
7,BYMA,6:20,6.333333333,0.225,56,0.004017857
7,BYMA,6:25,6.416666667,0,56,0
7,BYMA,6:30,6.5,0,56,0
7,BYMA,6:35,6.583333333,0.43125,56,0.007700893
7,BYMA,6:40,6.666666667,0.80625,56,0.014397321
7,BYMA,6:45,6.75,0.84375,56,0.015066964
7,BYMA,6:50,6.833333333,0.1125,56,0.002008929
7,BYMA,6:55,6.916666667,0.16875,56,0.003013393
7,BYMA,7:00,7,1.10625,56,0.019754464
7,BYMA,7:05,7.083333333,1.18125,56,0.02109375
7,BYMA,7:10,7.166666667,1.40625,56,0.025111607
7,BYMA,7:15,7.25,0.1125,56,0.002008929
7,BYMA,7:20,7.333333333,1.36875,56,0.024441964
7,BYMA,7:25,7.416666667,1.4625,56,0.026116071
7,BYMA,7:30,7.5,1.48125,56,0.026450893
7,BYMA,7:35,7.583333333,1.06875,56,0.019084821
7,BYMA,7:40,7.666666667,0.84375,56,0.015066964
7,BYMA,7:45,7.75,0.4875,56,0.008705357
7,BYMA,7:50,7.833333333,0.4875,56,0.008705357
7,BYMA,7:55,7.916666667,0.24375,56,0.004352679
7,BYMA,8:00,8,0.73125,55,0.013295455
7,BYMA,8:05,8.083333333,0,55,0
7,BYMA,8:10,8.166666667,0.6375,55,0.011590909
7,BYMA,8:15,8.25,0.2625,55,0.004772727
7,BYMA,8:20,8.333333333,0.24375,55,0.004431818
7,BYMA,8:25,8.416666667,0.75,55,0.013636364
7,BYMA,8:30,8.5,0.73125,55,0.013295455
7,BYMA,8:35,8.583333333,1.06875,55,0.019431818
7,BYMA,8:40,8.666666667,0.4125,55,0.0075
7,BYMA,8:45,8.75,0.4875,55,0.008863636
7,BYMA,8:50,8.833333333,0.09375,55,0.001704545
7,BYMA,8:55,8.916666667,0,55,0
7,BYMA,9:00,9,0.20625,55,0.00375
7,BYMA,9:05,9.083333333,0.225,55,0.004090909
7,BYMA,9:10,9.166666667,0.375,55,0.006818182
7,BYMA,9:15,9.25,1.06875,55,0.019431818
7,BYMA,9:20,9.333333333,0.54375,55,0.009886364
7,BYMA,9:25,9.416666667,0.54375,55,0.009886364
7,BYMA,9:30,9.5,0.825,41,0.020121951
7,BYMA,9:35,9.583333333,0.3,41,0.007317073
7,BYMA,9:40,9.666666667,0.2625,41,0.006402439
7,BYMA,9:45,9.75,0.15,41,0.003658537
7,BYMA,9:50,9.833333333,0.225,41,0.005487805
7,BYMA,9:55,9.916666667,0.09375,41,0.002286585
7,BYMA,10:00,10,0,41,0
7,BYMA,10:05,10.08333333,0,41,0
7,BYMA,10:10,10.16666667,0,41,0
7,BYMA,10:15,10.25,0.09375,41,0.002286585
7,BYMA,10:20,10.33333333,0.225,41,0.005487805
7,BYMA,10:25,10.41666667,0.09375,41,0.002286585
7,BYMA,10:30,10.5,0.075,41,0.001829268
7,BYMA,10:35,10.58333333,0,41,0
7,BYMA,10:40,10.66666667,0,41,0
7,BYMA,10:45,10.75,0.09375,41,0.002286585
7,BYMA,10:50,10.83333333,0,41,0
7,BYMA,10:55,10.91666667,0.75,41,0.018292683
7,BYMA,11:00,11,0.5625,15,0.0375
7,BYMA,11:05,11.08333333,0,15,0
7,BYMA,11:10,11.16666667,0,15,0
7,BYMA,11:15,11.25,0,15,0
7,BYMA,11:20,11.33333333,0,15,0
7,BYMA,11:25,11.41666667,0,15,0
7,BYMA,11:30,11.5,0,15,0
7,BYMA,11:35,11.58333333,0,15,0
7,BYMA,11:40,11.66666667,0,15,0
7,BYMA,11:45,11.75,0,15,0
7,BYMA,11:50,11.83333333,0,15,0
7,BYMA,11:55,11.91666667,0,15,0
7,BYMA,12:00,12,0,0,0
8,WEPA,0:00,0,0,0,0
8,WEPA,0:05,0.083333333,0,0,0
8,WEPA,0:10,0.166666667,0,0,0
8,WEPA,0:15,0.25,0,0,0
8,WEPA,0:20,0.333333333,0,0,0
8,WEPA,0:25,0.416666667,0,0,0
8,WEPA,0:30,0.5,0.0785,79,0.000993671
8,WEPA,0:35,0.583333333,4.343666667,79,0.054983122
8,WEPA,0:40,0.666666667,7.88925,79,0.099863924
8,WEPA,0:45,0.75,14.39166667,79,0.182172996
8,WEPA,0:50,0.833333333,13.46275,79,0.170414557
8,WEPA,0:55,0.916666667,8.478,79,0.107316456
8,WEPA,1:00,1,13.79768333,79,0.174654219
8,WEPA,1:05,1.083333333,11.98433333,79,0.151700422
8,WEPA,1:10,1.166666667,8.3995,79,0.106322785
8,WEPA,1:15,1.25,7.823833333,79,0.099035865
8,WEPA,1:20,1.333333333,6.960333333,79,0.088105485
8,WEPA,1:25,1.416666667,6.620166667,79,0.083799578
8,WEPA,1:30,1.5,2.355,79,0.029810127
8,WEPA,1:35,1.583333333,4.095083333,79,0.051836498
8,WEPA,1:40,1.666666667,1.29525,79,0.01639557
8,WEPA,1:45,1.75,0.405583333,79,0.005133966
8,WEPA,1:50,1.833333333,0.471,79,0.005962025
8,WEPA,1:55,1.916666667,0,79,0
8,WEPA,2:00,2,0,79,0
8,WEPA,2:05,2.083333333,0.005233333,79,6.62447E-05
8,WEPA,2:10,2.166666667,0.052333333,79,0.000662447
8,WEPA,2:15,2.25,0.036633333,79,0.000463713
8,WEPA,2:20,2.333333333,0,79,0
8,WEPA,2:25,2.416666667,0,79,0
8,WEPA,2:30,2.5,0,29,0
8,WEPA,2:35,2.583333333,0,29,0
8,WEPA,2:40,2.666666667,0,29,0
8,WEPA,2:45,2.75,0,29,0
8,WEPA,2:50,2.833333333,0,29,0
8,WEPA,2:55,2.916666667,0,29,0
8,WEPA,3:00,3,0,27,0
8,WEPA,3:05,3.083333333,0,27,0
8,WEPA,3:10,3.166666667,0,27,0
8,WEPA,3:15,3.25,0,27,0
8,WEPA,3:20,3.333333333,0,27,0
8,WEPA,3:25,3.416666667,0,27,0
8,WEPA,3:30,3.5,0,27,0
8,WEPA,3:35,3.583333333,0,27,0
8,WEPA,3:40,3.666666667,0,27,0
8,WEPA,3:45,3.75,0,27,0
8,WEPA,3:50,3.833333333,0,27,0
8,WEPA,3:55,3.916666667,0,27,0
8,WEPA,4:00,4,0,27,0
8,WEPA,4:05,4.083333333,0,27,0
8,WEPA,4:10,4.166666667,0,27,0
8,WEPA,4:15,4.25,0,27,0
8,WEPA,4:20,4.333333333,0,27,0
8,WEPA,4:25,4.416666667,0,27,0
8,WEPA,4:30,4.5,0,56,0
8,WEPA,4:35,4.583333333,0,56,0
8,WEPA,4:40,4.666666667,0,56,0
8,WEPA,4:45,4.75,0,56,0
8,WEPA,4:50,4.833333333,0,56,0
8,WEPA,4:55,4.916666667,0,56,0
8,WEPA,5:00,5,0,56,0
8,WEPA,5:05,5.083333333,0,56,0
8,WEPA,5:10,5.166666667,0,56,0
8,WEPA,5:15,5.25,0,56,0
8,WEPA,5:20,5.333333333,0,56,0
8,WEPA,5:25,5.416666667,0,56,0
8,WEPA,5:30,5.5,0,56,0
8,WEPA,5:35,5.583333333,0,56,0
8,WEPA,5:40,5.666666667,0,56,0
8,WEPA,5:45,5.75,0,56,0
8,WEPA,5:50,5.833333333,0,56,0
8,WEPA,5:55,5.916666667,0,56,0
8,WEPA,6:00,6,0,56,0
8,WEPA,6:05,6.083333333,0,56,0
8,WEPA,6:10,6.166666667,0,56,0
8,WEPA,6:15,6.25,0,56,0
8,WEPA,6:20,6.333333333,0,56,0
8,WEPA,6:25,6.416666667,0,56,0
8,WEPA,6:30,6.5,0,56,0
8,WEPA,6:35,6.583333333,0,56,0
8,WEPA,6:40,6.666666667,0,56,0
8,WEPA,6:45,6.75,0,56,0
8,WEPA,6:50,6.833333333,0,56,0
8,WEPA,6:55,6.916666667,0,56,0
8,WEPA,7:00,7,0,56,0
8,WEPA,7:05,7.083333333,0,56,0
8,WEPA,7:10,7.166666667,0,56,0
8,WEPA,7:15,7.25,0,56,0
8,WEPA,7:20,7.333333333,0,56,0
8,WEPA,7:25,7.416666667,0,56,0
8,WEPA,7:30,7.5,0,56,0
8,WEPA,7:35,7.583333333,0,56,0
8,WEPA,7:40,7.666666667,0,56,0
8,WEPA,7:45,7.75,0,56,0
8,WEPA,7:50,7.833333333,0,56,0
8,WEPA,7:55,7.916666667,0,56,0
8,WEPA,8:00,8,0,55,0
8,WEPA,8:05,8.083333333,0,55,0
8,WEPA,8:10,8.166666667,0,55,0
8,WEPA,8:15,8.25,0,55,0
8,WEPA,8:20,8.333333333,0,55,0
8,WEPA,8:25,8.416666667,0,55,0
8,WEPA,8:30,8.5,0,55,0
8,WEPA,8:35,8.583333333,0,55,0
8,WEPA,8:40,8.666666667,0,55,0
8,WEPA,8:45,8.75,0,55,0
8,WEPA,8:50,8.833333333,0,55,0
8,WEPA,8:55,8.916666667,0,55,0
8,WEPA,9:00,9,0,55,0
8,WEPA,9:05,9.083333333,0,55,0
8,WEPA,9:10,9.166666667,0,55,0
8,WEPA,9:15,9.25,0,55,0
8,WEPA,9:20,9.333333333,0,55,0
8,WEPA,9:25,9.416666667,0,55,0
8,WEPA,9:30,9.5,0,41,0
8,WEPA,9:35,9.583333333,0,41,0
8,WEPA,9:40,9.666666667,0,41,0
8,WEPA,9:45,9.75,0,41,0
8,WEPA,9:50,9.833333333,0,41,0
8,WEPA,9:55,9.916666667,0,41,0
8,WEPA,10:00,10,0,41,0
8,WEPA,10:05,10.08333333,0,41,0
8,WEPA,10:10,10.16666667,0,41,0
8,WEPA,10:15,10.25,0,41,0
8,WEPA,10:20,10.33333333,0,41,0
8,WEPA,10:25,10.41666667,0,41,0
8,WEPA,10:30,10.5,0,41,0
8,WEPA,10:35,10.58333333,0,41,0
8,WEPA,10:40,10.66666667,0,41,0
8,WEPA,10:45,10.75,0,41,0
8,WEPA,10:50,10.83333333,0,41,0
8,WEPA,10:55,10.91666667,0,41,0
8,WEPA,11:00,11,0,15,0
8,WEPA,11:05,11.08333333,0,15,0
8,WEPA,11:10,11.16666667,0,15,0
8,WEPA,11:15,11.25,0,15,0
8,WEPA,11:20,11.33333333,0,15,0
8,WEPA,11:25,11.41666667,0,15,0
8,WEPA,11:30,11.5,0,15,0
8,WEPA,11:35,11.58333333,0,15,0
8,WEPA,11:40,11.66666667,0,15,0
8,WEPA,11:45,11.75,0,15,0
8,WEPA,11:50,11.83333333,0,15,0
8,WEPA,11:55,11.91666667,0,15,0
8,WEPA,12:00,12,0,0,0
9,CWPA,0:00,0,0,0,0
9,CWPA,0:05,0.083333333,0,0,0
9,CWPA,0:10,0.166666667,0,0,0
9,CWPA,0:15,0.25,0,0,0
9,CWPA,0:20,0.333333333,0,0,0
9,CWPA,0:25,0.416666667,0,0,0
9,CWPA,0:30,0.5,0,79,0
9,CWPA,0:35,0.583333333,0,79,0
9,CWPA,0:40,0.666666667,0,79,0
9,CWPA,0:45,0.75,0,79,0
9,CWPA,0:50,0.833333333,0,79,0
9,CWPA,0:55,0.916666667,0,79,0
9,CWPA,1:00,1,0,79,0
9,CWPA,1:05,1.083333333,0,79,0
9,CWPA,1:10,1.166666667,0,79,0
9,CWPA,1:15,1.25,0.019,79,0.000240506
9,CWPA,1:20,1.333333333,0,79,0
9,CWPA,1:25,1.416666667,0,79,0
9,CWPA,1:30,1.5,0,79,0
9,CWPA,1:35,1.583333333,0.00475,79,6.01266E-05
9,CWPA,1:40,1.666666667,0,79,0
9,CWPA,1:45,1.75,0,79,0
9,CWPA,1:50,1.833333333,0,79,0
9,CWPA,1:55,1.916666667,0,79,0
9,CWPA,2:00,2,0,79,0
9,CWPA,2:05,2.083333333,0,79,0
9,CWPA,2:10,2.166666667,0,79,0
9,CWPA,2:15,2.25,0,79,0
9,CWPA,2:20,2.333333333,0,79,0
9,CWPA,2:25,2.416666667,0,79,0
9,CWPA,2:30,2.5,0,29,0
9,CWPA,2:35,2.583333333,0,29,0
9,CWPA,2:40,2.666666667,0,29,0
9,CWPA,2:45,2.75,0,29,0
9,CWPA,2:50,2.833333333,0,29,0
9,CWPA,2:55,2.916666667,0,29,0
9,CWPA,3:00,3,0,27,0
9,CWPA,3:05,3.083333333,0,27,0
9,CWPA,3:10,3.166666667,0,27,0
9,CWPA,3:15,3.25,0,27,0
9,CWPA,3:20,3.333333333,0,27,0
9,CWPA,3:25,3.416666667,0,27,0
9,CWPA,3:30,3.5,0,27,0
9,CWPA,3:35,3.583333333,0,27,0
9,CWPA,3:40,3.666666667,0,27,0
9,CWPA,3:45,3.75,0,27,0
9,CWPA,3:50,3.833333333,0,27,0
9,CWPA,3:55,3.916666667,0,27,0
9,CWPA,4:00,4,0,27,0
9,CWPA,4:05,4.083333333,0,27,0
9,CWPA,4:10,4.166666667,0,27,0
9,CWPA,4:15,4.25,0,27,0
9,CWPA,4:20,4.333333333,0,27,0
9,CWPA,4:25,4.416666667,0,27,0
9,CWPA,4:30,4.5,0,56,0
9,CWPA,4:35,4.583333333,0,56,0
9,CWPA,4:40,4.666666667,0,56,0
9,CWPA,4:45,4.75,0,56,0
9,CWPA,4:50,4.833333333,0,56,0
9,CWPA,4:55,4.916666667,0,56,0
9,CWPA,5:00,5,0,56,0
9,CWPA,5:05,5.083333333,0,56,0
9,CWPA,5:10,5.166666667,0,56,0
9,CWPA,5:15,5.25,0,56,0
9,CWPA,5:20,5.333333333,0,56,0
9,CWPA,5:25,5.416666667,0,56,0
9,CWPA,5:30,5.5,0,56,0
9,CWPA,5:35,5.583333333,0,56,0
9,CWPA,5:40,5.666666667,0,56,0
9,CWPA,5:45,5.75,0,56,0
9,CWPA,5:50,5.833333333,0,56,0
9,CWPA,5:55,5.916666667,0,56,0
9,CWPA,6:00,6,0,56,0
9,CWPA,6:05,6.083333333,0,56,0
9,CWPA,6:10,6.166666667,0,56,0
9,CWPA,6:15,6.25,0,56,0
9,CWPA,6:20,6.333333333,0,56,0
9,CWPA,6:25,6.416666667,0,56,0
9,CWPA,6:30,6.5,0,56,0
9,CWPA,6:35,6.583333333,0,56,0
9,CWPA,6:40,6.666666667,0,56,0
9,CWPA,6:45,6.75,0,56,0
9,CWPA,6:50,6.833333333,0,56,0
9,CWPA,6:55,6.916666667,0,56,0
9,CWPA,7:00,7,0,56,0
9,CWPA,7:05,7.083333333,0,56,0
9,CWPA,7:10,7.166666667,0,56,0
9,CWPA,7:15,7.25,0,56,0
9,CWPA,7:20,7.333333333,0.399,56,0.007125
9,CWPA,7:25,7.416666667,0,56,0
9,CWPA,7:30,7.5,0,56,0
9,CWPA,7:35,7.583333333,0,56,0
9,CWPA,7:40,7.666666667,0,56,0
9,CWPA,7:45,7.75,0,56,0
9,CWPA,7:50,7.833333333,0.1995,56,0.0035625
9,CWPA,7:55,7.916666667,0,56,0
9,CWPA,8:00,8,0,55,0
9,CWPA,8:05,8.083333333,0,55,0
9,CWPA,8:10,8.166666667,0,55,0
9,CWPA,8:15,8.25,0,55,0
9,CWPA,8:20,8.333333333,0,55,0
9,CWPA,8:25,8.416666667,0,55,0
9,CWPA,8:30,8.5,0,55,0
9,CWPA,8:35,8.583333333,0.266,55,0.004836364
9,CWPA,8:40,8.666666667,0.76,55,0.013818182
9,CWPA,8:45,8.75,0,55,0
9,CWPA,8:50,8.833333333,0,55,0
9,CWPA,8:55,8.916666667,0.22325,55,0.004059091
9,CWPA,9:00,9,0,55,0
9,CWPA,9:05,9.083333333,0,55,0
9,CWPA,9:10,9.166666667,0,55,0
9,CWPA,9:15,9.25,0,55,0
9,CWPA,9:20,9.333333333,0,55,0
9,CWPA,9:25,9.416666667,0.17575,55,0.003195455
9,CWPA,9:30,9.5,0,41,0
9,CWPA,9:35,9.583333333,0,41,0
9,CWPA,9:40,9.666666667,0,41,0
9,CWPA,9:45,9.75,0,41,0
9,CWPA,9:50,9.833333333,0,41,0
9,CWPA,9:55,9.916666667,0,41,0
9,CWPA,10:00,10,0,41,0
9,CWPA,10:05,10.08333333,0,41,0
9,CWPA,10:10,10.16666667,0,41,0
9,CWPA,10:15,10.25,0,41,0
9,CWPA,10:20,10.33333333,0,41,0
9,CWPA,10:25,10.41666667,0,41,0
9,CWPA,10:30,10.5,0,41,0
9,CWPA,10:35,10.58333333,0,41,0
9,CWPA,10:40,10.66666667,0,41,0
9,CWPA,10:45,10.75,0,41,0
9,CWPA,10:50,10.83333333,0,41,0
9,CWPA,10:55,10.91666667,0,41,0
9,CWPA,11:00,11,0,15,0
9,CWPA,11:05,11.08333333,0,15,0
9,CWPA,11:10,11.16666667,0,15,0
9,CWPA,11:15,11.25,0,15,0
9,CWPA,11:20,11.33333333,0,15,0
9,CWPA,11:25,11.41666667,0,15,0
9,CWPA,11:30,11.5,0,15,0
9,CWPA,11:35,11.58333333,0,15,0
9,CWPA,11:40,11.66666667,0,15,0
9,CWPA,11:45,11.75,0,15,0
9,CWPA,11:50,11.83333333,0,15,0
9,CWPA,11:55,11.91666667,0,15,0
9,CWPA,12:00,12,0,0,0
10,OCPA,0:00,0,0,0,0
10,OCPA,0:05,0.083333333,0,0,0
10,OCPA,0:10,0.166666667,0,0,0
10,OCPA,0:15,0.25,0,0,0
10,OCPA,0:20,0.333333333,0,0,0
10,OCPA,0:25,0.416666667,0,0,0
10,OCPA,0:30,0.5,0.046666667,79,0.000590717
10,OCPA,0:35,0.583333333,0.77,79,0.009746835
10,OCPA,0:40,0.666666667,1.54,79,0.019493671
10,OCPA,0:45,0.75,3.546666667,79,0.044894515
10,OCPA,0:50,0.833333333,4.561666667,79,0.057742616
10,OCPA,0:55,0.916666667,4.974666667,79,0.062970464
10,OCPA,1:00,1,5.908,79,0.07478481
10,OCPA,1:05,1.083333333,6.136666667,79,0.077679325
10,OCPA,1:10,1.166666667,6.055,79,0.07664557
10,OCPA,1:15,1.25,5.028333333,79,0.063649789
10,OCPA,1:20,1.333333333,4.153333333,79,0.05257384
10,OCPA,1:25,1.416666667,2.286666667,79,0.028945148
10,OCPA,1:30,1.5,2.228333333,79,0.028206751
10,OCPA,1:35,1.583333333,1.75,79,0.022151899
10,OCPA,1:40,1.666666667,0.886666667,79,0.011223629
10,OCPA,1:45,1.75,0.338333333,79,0.0042827
10,OCPA,1:50,1.833333333,0.291666667,79,0.003691983
10,OCPA,1:55,1.916666667,0.023333333,79,0.000295359
10,OCPA,2:00,2,0,79,0
10,OCPA,2:05,2.083333333,0,79,0
10,OCPA,2:10,2.166666667,0,79,0
10,OCPA,2:15,2.25,0,79,0
10,OCPA,2:20,2.333333333,0,79,0
10,OCPA,2:25,2.416666667,0,79,0
10,OCPA,2:30,2.5,0,29,0
10,OCPA,2:35,2.583333333,0,29,0
10,OCPA,2:40,2.666666667,0,29,0
10,OCPA,2:45,2.75,0,29,0
10,OCPA,2:50,2.833333333,0,29,0
10,OCPA,2:55,2.916666667,0,29,0
10,OCPA,3:00,3,0,27,0
10,OCPA,3:05,3.083333333,0,27,0
10,OCPA,3:10,3.166666667,0,27,0
10,OCPA,3:15,3.25,0,27,0
10,OCPA,3:20,3.333333333,0,27,0
10,OCPA,3:25,3.416666667,0,27,0
10,OCPA,3:30,3.5,0,27,0
10,OCPA,3:35,3.583333333,0,27,0
10,OCPA,3:40,3.666666667,0,27,0
10,OCPA,3:45,3.75,0,27,0
10,OCPA,3:50,3.833333333,0,27,0
10,OCPA,3:55,3.916666667,0,27,0
10,OCPA,4:00,4,0,27,0
10,OCPA,4:05,4.083333333,0,27,0
10,OCPA,4:10,4.166666667,0,27,0
10,OCPA,4:15,4.25,0,27,0
10,OCPA,4:20,4.333333333,0,27,0
10,OCPA,4:25,4.416666667,0,27,0
10,OCPA,4:30,4.5,0,56,0
10,OCPA,4:35,4.583333333,0,56,0
10,OCPA,4:40,4.666666667,0,56,0
10,OCPA,4:45,4.75,0,56,0
10,OCPA,4:50,4.833333333,0,56,0
10,OCPA,4:55,4.916666667,0,56,0
10,OCPA,5:00,5,0,56,0
10,OCPA,5:05,5.083333333,0,56,0
10,OCPA,5:10,5.166666667,0,56,0
10,OCPA,5:15,5.25,0,56,0
10,OCPA,5:20,5.333333333,0,56,0
10,OCPA,5:25,5.416666667,0,56,0
10,OCPA,5:30,5.5,0,56,0
10,OCPA,5:35,5.583333333,0,56,0
10,OCPA,5:40,5.666666667,0,56,0
10,OCPA,5:45,5.75,0,56,0
10,OCPA,5:50,5.833333333,0,56,0
10,OCPA,5:55,5.916666667,0,56,0
10,OCPA,6:00,6,0,56,0
10,OCPA,6:05,6.083333333,0,56,0
10,OCPA,6:10,6.166666667,0,56,0
10,OCPA,6:15,6.25,0,56,0
10,OCPA,6:20,6.333333333,0,56,0
10,OCPA,6:25,6.416666667,0,56,0
10,OCPA,6:30,6.5,0,56,0
10,OCPA,6:35,6.583333333,0,56,0
10,OCPA,6:40,6.666666667,0,56,0
10,OCPA,6:45,6.75,0,56,0
10,OCPA,6:50,6.833333333,0,56,0
10,OCPA,6:55,6.916666667,0,56,0
10,OCPA,7:00,7,0,56,0
10,OCPA,7:05,7.083333333,0,56,0
10,OCPA,7:10,7.166666667,0,56,0
10,OCPA,7:15,7.25,0,56,0
10,OCPA,7:20,7.333333333,0,56,0
10,OCPA,7:25,7.416666667,0,56,0
10,OCPA,7:30,7.5,0,56,0
10,OCPA,7:35,7.583333333,0,56,0
10,OCPA,7:40,7.666666667,0,56,0
10,OCPA,7:45,7.75,0,56,0
10,OCPA,7:50,7.833333333,0,56,0
10,OCPA,7:55,7.916666667,0,56,0
10,OCPA,8:00,8,0,55,0
10,OCPA,8:05,8.083333333,0,55,0
10,OCPA,8:10,8.166666667,0,55,0
10,OCPA,8:15,8.25,0,55,0
10,OCPA,8:20,8.333333333,0,55,0
10,OCPA,8:25,8.416666667,0,55,0
10,OCPA,8:30,8.5,0,55,0
10,OCPA,8:35,8.583333333,0,55,0
10,OCPA,8:40,8.666666667,0,55,0
10,OCPA,8:45,8.75,0,55,0
10,OCPA,8:50,8.833333333,0,55,0
10,OCPA,8:55,8.916666667,0,55,0
10,OCPA,9:00,9,0,55,0
10,OCPA,9:05,9.083333333,0,55,0
10,OCPA,9:10,9.166666667,0,55,0
10,OCPA,9:15,9.25,0,55,0
10,OCPA,9:20,9.333333333,0,55,0
10,OCPA,9:25,9.416666667,0,55,0
10,OCPA,9:30,9.5,0,41,0
10,OCPA,9:35,9.583333333,0,41,0
10,OCPA,9:40,9.666666667,0,41,0
10,OCPA,9:45,9.75,0,41,0
10,OCPA,9:50,9.833333333,0,41,0
10,OCPA,9:55,9.916666667,0,41,0
10,OCPA,10:00,10,0,41,0
10,OCPA,10:05,10.08333333,0,41,0
10,OCPA,10:10,10.16666667,0,41,0
10,OCPA,10:15,10.25,0,41,0
10,OCPA,10:20,10.33333333,0,41,0
10,OCPA,10:25,10.41666667,0,41,0
10,OCPA,10:30,10.5,0,41,0
10,OCPA,10:35,10.58333333,0,41,0
10,OCPA,10:40,10.66666667,0,41,0
10,OCPA,10:45,10.75,0,41,0
10,OCPA,10:50,10.83333333,0,41,0
10,OCPA,10:55,10.91666667,0,41,0
10,OCPA,11:00,11,0,15,0
10,OCPA,11:05,11.08333333,0,15,0
10,OCPA,11:10,11.16666667,0,15,0
10,OCPA,11:15,11.25,0,15,0
10,OCPA,11:20,11.33333333,0,15,0
10,OCPA,11:25,11.41666667,0,15,0
10,OCPA,11:30,11.5,0,15,0
10,OCPA,11:35,11.58333333,0,15,0
10,OCPA,11:40,11.66666667,0,15,0
10,OCPA,11:45,11.75,0,15,0
10,OCPA,11:50,11.83333333,0,15,0
10,OCPA,11:55,11.91666667,0,15,0
10,OCPA,12:00,12,0,0,0
11,DHPA,0:00,0,0,0,0
11,DHPA,0:05,0.083333333,0,0,0
11,DHPA,0:10,0.166666667,0,0,0
11,DHPA,0:15,0.25,0,0,0
11,DHPA,0:20,0.333333333,0,0,0
11,DHPA,0:25,0.416666667,0,0,0
11,DHPA,0:30,0.5,0,79,0
11,DHPA,0:35,0.583333333,0,79,0
11,DHPA,0:40,0.666666667,0.054,79,0.000683544
11,DHPA,0:45,0.75,1.251,79,0.015835443
11,DHPA,0:50,0.833333333,2.682,79,0.033949367
11,DHPA,0:55,0.916666667,5.1606,79,0.065324051
11,DHPA,1:00,1,4.5018,79,0.05698481
11,DHPA,1:05,1.083333333,6.003,79,0.075987342
11,DHPA,1:10,1.166666667,6.309,79,0.079860759
11,DHPA,1:15,1.25,4.734,79,0.059924051
11,DHPA,1:20,1.333333333,2.574,79,0.032582278
11,DHPA,1:25,1.416666667,2.403,79,0.030417722
11,DHPA,1:30,1.5,2.763,79,0.034974684
11,DHPA,1:35,1.583333333,1.008,79,0.012759494
11,DHPA,1:40,1.666666667,0.522,79,0.006607595
11,DHPA,1:45,1.75,0,79,0
11,DHPA,1:50,1.833333333,0,79,0
11,DHPA,1:55,1.916666667,0,79,0
11,DHPA,2:00,2,0,79,0
11,DHPA,2:05,2.083333333,0,79,0
11,DHPA,2:10,2.166666667,0,79,0
11,DHPA,2:15,2.25,0,79,0
11,DHPA,2:20,2.333333333,0,79,0
11,DHPA,2:25,2.416666667,0.09,79,0.001139241
11,DHPA,2:30,2.5,0.162,29,0.005586207
11,DHPA,2:35,2.583333333,0,29,0
11,DHPA,2:40,2.666666667,0,29,0
11,DHPA,2:45,2.75,0,29,0
11,DHPA,2:50,2.833333333,0,29,0
11,DHPA,2:55,2.916666667,0,29,0
11,DHPA,3:00,3,0,27,0
11,DHPA,3:05,3.083333333,0,27,0
11,DHPA,3:10,3.166666667,0,27,0
11,DHPA,3:15,3.25,0,27,0
11,DHPA,3:20,3.333333333,0,27,0
11,DHPA,3:25,3.416666667,0,27,0
11,DHPA,3:30,3.5,0,27,0
11,DHPA,3:35,3.583333333,0,27,0
11,DHPA,3:40,3.666666667,0,27,0
11,DHPA,3:45,3.75,0,27,0
11,DHPA,3:50,3.833333333,0,27,0
11,DHPA,3:55,3.916666667,0,27,0
11,DHPA,4:00,4,0,27,0
11,DHPA,4:05,4.083333333,0,27,0
11,DHPA,4:10,4.166666667,0,27,0
11,DHPA,4:15,4.25,0,27,0
11,DHPA,4:20,4.333333333,0,27,0
11,DHPA,4:25,4.416666667,0,27,0
11,DHPA,4:30,4.5,0,56,0
11,DHPA,4:35,4.583333333,0,56,0
11,DHPA,4:40,4.666666667,0,56,0
11,DHPA,4:45,4.75,0,56,0
11,DHPA,4:50,4.833333333,0,56,0
11,DHPA,4:55,4.916666667,0,56,0
11,DHPA,5:00,5,0,56,0
11,DHPA,5:05,5.083333333,0,56,0
11,DHPA,5:10,5.166666667,0,56,0
11,DHPA,5:15,5.25,0,56,0
11,DHPA,5:20,5.333333333,0,56,0
11,DHPA,5:25,5.416666667,0,56,0
11,DHPA,5:30,5.5,0,56,0
11,DHPA,5:35,5.583333333,0,56,0
11,DHPA,5:40,5.666666667,0,56,0
11,DHPA,5:45,5.75,0,56,0
11,DHPA,5:50,5.833333333,0,56,0
11,DHPA,5:55,5.916666667,0,56,0
11,DHPA,6:00,6,0,56,0
11,DHPA,6:05,6.083333333,0,56,0
11,DHPA,6:10,6.166666667,0,56,0
11,DHPA,6:15,6.25,0,56,0
11,DHPA,6:20,6.333333333,0,56,0
11,DHPA,6:25,6.416666667,0,56,0
11,DHPA,6:30,6.5,0,56,0
11,DHPA,6:35,6.583333333,0,56,0
11,DHPA,6:40,6.666666667,0,56,0
11,DHPA,6:45,6.75,0,56,0
11,DHPA,6:50,6.833333333,0,56,0
11,DHPA,6:55,6.916666667,0,56,0
11,DHPA,7:00,7,0,56,0
11,DHPA,7:05,7.083333333,0,56,0
11,DHPA,7:10,7.166666667,0,56,0
11,DHPA,7:15,7.25,0,56,0
11,DHPA,7:20,7.333333333,0.054,56,0.000964286
11,DHPA,7:25,7.416666667,0,56,0
11,DHPA,7:30,7.5,0,56,0
11,DHPA,7:35,7.583333333,0,56,0
11,DHPA,7:40,7.666666667,0,56,0
11,DHPA,7:45,7.75,0,56,0
11,DHPA,7:50,7.833333333,0.036,56,0.000642857
11,DHPA,7:55,7.916666667,0,56,0
11,DHPA,8:00,8,0,55,0
11,DHPA,8:05,8.083333333,0,55,0
11,DHPA,8:10,8.166666667,0,55,0
11,DHPA,8:15,8.25,0,55,0
11,DHPA,8:20,8.333333333,0,55,0
11,DHPA,8:25,8.416666667,0,55,0
11,DHPA,8:30,8.5,0,55,0
11,DHPA,8:35,8.583333333,0.018,55,0.000327273
11,DHPA,8:40,8.666666667,0.054,55,0.000981818
11,DHPA,8:45,8.75,0,55,0
11,DHPA,8:50,8.833333333,0,55,0
11,DHPA,8:55,8.916666667,0,55,0
11,DHPA,9:00,9,0,55,0
11,DHPA,9:05,9.083333333,0,55,0
11,DHPA,9:10,9.166666667,0,55,0
11,DHPA,9:15,9.25,0,55,0
11,DHPA,9:20,9.333333333,0,55,0
11,DHPA,9:25,9.416666667,0.018,55,0.000327273
11,DHPA,9:30,9.5,0,41,0
11,DHPA,9:35,9.583333333,0,41,0
11,DHPA,9:40,9.666666667,0,41,0
11,DHPA,9:45,9.75,0,41,0
11,DHPA,9:50,9.833333333,0,41,0
11,DHPA,9:55,9.916666667,0,41,0
11,DHPA,10:00,10,0,41,0
11,DHPA,10:05,10.08333333,0,41,0
11,DHPA,10:10,10.16666667,0,41,0
11,DHPA,10:15,10.25,0,41,0
11,DHPA,10:20,10.33333333,0,41,0
11,DHPA,10:25,10.41666667,0,41,0
11,DHPA,10:30,10.5,0,41,0
11,DHPA,10:35,10.58333333,0,41,0
11,DHPA,10:40,10.66666667,0,41,0
11,DHPA,10:45,10.75,0,41,0
11,DHPA,10:50,10.83333333,0,41,0
11,DHPA,10:55,10.91666667,0,41,0
11,DHPA,11:00,11,0,15,0
11,DHPA,11:05,11.08333333,0,15,0
11,DHPA,11:10,11.16666667,0,15,0
11,DHPA,11:15,11.25,0,15,0
11,DHPA,11:20,11.33333333,0,15,0
11,DHPA,11:25,11.41666667,0,15,0
11,DHPA,11:30,11.5,0,15,0
11,DHPA,11:35,11.58333333,0,15,0
11,DHPA,11:40,11.66666667,0,15,0
11,DHPA,11:45,11.75,0,15,0
11,DHPA,11:50,11.83333333,0,15,0
11,DHPA,11:55,11.91666667,0,15,0
11,DHPA,12:00,12,0,0,0
12,WBPA,0:00,0,0,0,0
12,WBPA,0:05,0.083333333,0,0,0
12,WBPA,0:10,0.166666667,0,0,0
12,WBPA,0:15,0.25,0,0,0
12,WBPA,0:20,0.333333333,0,0,0
12,WBPA,0:25,0.416666667,0,0,0
12,WBPA,0:30,0.5,0,79,0
12,WBPA,0:35,0.583333333,0,79,0
12,WBPA,0:40,0.666666667,0,79,0
12,WBPA,0:45,0.75,0,79,0
12,WBPA,0:50,0.833333333,0.258333333,79,0.003270042
12,WBPA,0:55,0.916666667,0.11625,79,0.001471519
12,WBPA,1:00,1,0.11625,79,0.001471519
12,WBPA,1:05,1.083333333,0.051666667,79,0.000654008
12,WBPA,1:10,1.166666667,0.206666667,79,0.002616034
12,WBPA,1:15,1.25,0.2325,79,0.002943038
12,WBPA,1:20,1.333333333,0.090416667,79,0.001144515
12,WBPA,1:25,1.416666667,0.103333333,79,0.001308017
12,WBPA,1:30,1.5,0.258333333,79,0.003270042
12,WBPA,1:35,1.583333333,0.258333333,79,0.003270042
12,WBPA,1:40,1.666666667,0.051666667,79,0.000654008
12,WBPA,1:45,1.75,0.155,79,0.001962025
12,WBPA,1:50,1.833333333,0,79,0
12,WBPA,1:55,1.916666667,0,79,0
12,WBPA,2:00,2,0,79,0
12,WBPA,2:05,2.083333333,0,79,0
12,WBPA,2:10,2.166666667,0,79,0
12,WBPA,2:15,2.25,0,79,0
12,WBPA,2:20,2.333333333,0,79,0
12,WBPA,2:25,2.416666667,0.064583333,79,0.000817511
12,WBPA,2:30,2.5,0.0775,29,0.002672414
12,WBPA,2:35,2.583333333,0,29,0
12,WBPA,2:40,2.666666667,0,29,0
12,WBPA,2:45,2.75,0,29,0
12,WBPA,2:50,2.833333333,0,29,0
12,WBPA,2:55,2.916666667,0,29,0
12,WBPA,3:00,3,0,27,0
12,WBPA,3:05,3.083333333,0,27,0
12,WBPA,3:10,3.166666667,0,27,0
12,WBPA,3:15,3.25,0,27,0
12,WBPA,3:20,3.333333333,0,27,0
12,WBPA,3:25,3.416666667,0,27,0
12,WBPA,3:30,3.5,0,27,0
12,WBPA,3:35,3.583333333,0,27,0
12,WBPA,3:40,3.666666667,0,27,0
12,WBPA,3:45,3.75,0,27,0
12,WBPA,3:50,3.833333333,0,27,0
12,WBPA,3:55,3.916666667,0,27,0
12,WBPA,4:00,4,0,27,0
12,WBPA,4:05,4.083333333,0,27,0
12,WBPA,4:10,4.166666667,0,27,0
12,WBPA,4:15,4.25,0,27,0
12,WBPA,4:20,4.333333333,0,27,0
12,WBPA,4:25,4.416666667,0,27,0
12,WBPA,4:30,4.5,0,56,0
12,WBPA,4:35,4.583333333,0,56,0
12,WBPA,4:40,4.666666667,0,56,0
12,WBPA,4:45,4.75,0,56,0
12,WBPA,4:50,4.833333333,0,56,0
12,WBPA,4:55,4.916666667,0,56,0
12,WBPA,5:00,5,0,56,0
12,WBPA,5:05,5.083333333,0,56,0
12,WBPA,5:10,5.166666667,0,56,0
12,WBPA,5:15,5.25,0,56,0
12,WBPA,5:20,5.333333333,0,56,0
12,WBPA,5:25,5.416666667,0,56,0
12,WBPA,5:30,5.5,0,56,0
12,WBPA,5:35,5.583333333,0,56,0
12,WBPA,5:40,5.666666667,0,56,0
12,WBPA,5:45,5.75,0,56,0
12,WBPA,5:50,5.833333333,0,56,0
12,WBPA,5:55,5.916666667,0,56,0
12,WBPA,6:00,6,0,56,0
12,WBPA,6:05,6.083333333,0,56,0
12,WBPA,6:10,6.166666667,0,56,0
12,WBPA,6:15,6.25,0,56,0
12,WBPA,6:20,6.333333333,0,56,0
12,WBPA,6:25,6.416666667,0,56,0
12,WBPA,6:30,6.5,0,56,0
12,WBPA,6:35,6.583333333,0,56,0
12,WBPA,6:40,6.666666667,0,56,0
12,WBPA,6:45,6.75,0,56,0
12,WBPA,6:50,6.833333333,0,56,0
12,WBPA,6:55,6.916666667,0,56,0
12,WBPA,7:00,7,0,56,0
12,WBPA,7:05,7.083333333,0,56,0
12,WBPA,7:10,7.166666667,0,56,0
12,WBPA,7:15,7.25,0,56,0
12,WBPA,7:20,7.333333333,0,56,0
12,WBPA,7:25,7.416666667,0,56,0
12,WBPA,7:30,7.5,0,56,0
12,WBPA,7:35,7.583333333,0,56,0
12,WBPA,7:40,7.666666667,0,56,0
12,WBPA,7:45,7.75,0,56,0
12,WBPA,7:50,7.833333333,0,56,0
12,WBPA,7:55,7.916666667,0,56,0
12,WBPA,8:00,8,0,55,0
12,WBPA,8:05,8.083333333,0,55,0
12,WBPA,8:10,8.166666667,0,55,0
12,WBPA,8:15,8.25,0,55,0
12,WBPA,8:20,8.333333333,0,55,0
12,WBPA,8:25,8.416666667,0,55,0
12,WBPA,8:30,8.5,0,55,0
12,WBPA,8:35,8.583333333,0,55,0
12,WBPA,8:40,8.666666667,0,55,0
12,WBPA,8:45,8.75,0,55,0
12,WBPA,8:50,8.833333333,0,55,0
12,WBPA,8:55,8.916666667,0,55,0
12,WBPA,9:00,9,0,55,0
12,WBPA,9:05,9.083333333,0,55,0
12,WBPA,9:10,9.166666667,0,55,0
12,WBPA,9:15,9.25,0,55,0
12,WBPA,9:20,9.333333333,0,55,0
12,WBPA,9:25,9.416666667,0,55,0
12,WBPA,9:30,9.5,0,41,0
12,WBPA,9:35,9.583333333,0,41,0
12,WBPA,9:40,9.666666667,0,41,0
12,WBPA,9:45,9.75,0,41,0
12,WBPA,9:50,9.833333333,0,41,0
12,WBPA,9:55,9.916666667,0,41,0
12,WBPA,10:00,10,0,41,0
12,WBPA,10:05,10.08333333,0,41,0
12,WBPA,10:10,10.16666667,0,41,0
12,WBPA,10:15,10.25,0,41,0
12,WBPA,10:20,10.33333333,0,41,0
12,WBPA,10:25,10.41666667,0,41,0
12,WBPA,10:30,10.5,0,41,0
12,WBPA,10:35,10.58333333,0,41,0
12,WBPA,10:40,10.66666667,0,41,0
12,WBPA,10:45,10.75,0,41,0
12,WBPA,10:50,10.83333333,0,41,0
12,WBPA,10:55,10.91666667,0,41,0
12,WBPA,11:00,11,0,15,0
12,WBPA,11:05,11.08333333,0,15,0
12,WBPA,11:10,11.16666667,0,15,0
12,WBPA,11:15,11.25,0,15,0
12,WBPA,11:20,11.33333333,0,15,0
12,WBPA,11:25,11.41666667,0,15,0
12,WBPA,11:30,11.5,0,15,0
12,WBPA,11:35,11.58333333,0,15,0
12,WBPA,11:40,11.66666667,0,15,0
12,WBPA,11:45,11.75,0,15,0
12,WBPA,11:50,11.83333333,0,15,0
12,WBPA,11:55,11.91666667,0,15,0
12,WBPA,12:00,12,0,0,0
13,DBPA,0:00,0,0,0,0
13,DBPA,0:05,0.083333333,0,0,0
13,DBPA,0:10,0.166666667,0,0,0
13,DBPA,0:15,0.25,0,0,0
13,DBPA,0:20,0.333333333,0,0,0
13,DBPA,0:25,0.416666667,0,0,0
13,DBPA,0:30,0.5,0,79,0
13,DBPA,0:35,0.583333333,0,79,0
13,DBPA,0:40,0.666666667,0,79,0
13,DBPA,0:45,0.75,0,79,0
13,DBPA,0:50,0.833333333,0,79,0
13,DBPA,0:55,0.916666667,0,79,0
13,DBPA,1:00,1,0,79,0
13,DBPA,1:05,1.083333333,0,79,0
13,DBPA,1:10,1.166666667,0,79,0
13,DBPA,1:15,1.25,0,79,0
13,DBPA,1:20,1.333333333,0,79,0
13,DBPA,1:25,1.416666667,0,79,0
13,DBPA,1:30,1.5,0,79,0
13,DBPA,1:35,1.583333333,0,79,0
13,DBPA,1:40,1.666666667,0,79,0
13,DBPA,1:45,1.75,0,79,0
13,DBPA,1:50,1.833333333,0,79,0
13,DBPA,1:55,1.916666667,0,79,0
13,DBPA,2:00,2,0,79,0
13,DBPA,2:05,2.083333333,0,79,0
13,DBPA,2:10,2.166666667,0,79,0
13,DBPA,2:15,2.25,0,79,0
13,DBPA,2:20,2.333333333,0,79,0
13,DBPA,2:25,2.416666667,0,79,0
13,DBPA,2:30,2.5,0,29,0
13,DBPA,2:35,2.583333333,0,29,0
13,DBPA,2:40,2.666666667,0,29,0
13,DBPA,2:45,2.75,0,29,0
13,DBPA,2:50,2.833333333,0,29,0
13,DBPA,2:55,2.916666667,0,29,0
13,DBPA,3:00,3,0,27,0
13,DBPA,3:05,3.083333333,0,27,0
13,DBPA,3:10,3.166666667,0,27,0
13,DBPA,3:15,3.25,0,27,0
13,DBPA,3:20,3.333333333,0,27,0
13,DBPA,3:25,3.416666667,0,27,0
13,DBPA,3:30,3.5,0,27,0
13,DBPA,3:35,3.583333333,0,27,0
13,DBPA,3:40,3.666666667,0,27,0
13,DBPA,3:45,3.75,0,27,0
13,DBPA,3:50,3.833333333,0,27,0
13,DBPA,3:55,3.916666667,0,27,0
13,DBPA,4:00,4,0,27,0
13,DBPA,4:05,4.083333333,0,27,0
13,DBPA,4:10,4.166666667,0,27,0
13,DBPA,4:15,4.25,0,27,0
13,DBPA,4:20,4.333333333,0,27,0
13,DBPA,4:25,4.416666667,0,27,0
13,DBPA,4:30,4.5,0,56,0
13,DBPA,4:35,4.583333333,0,56,0
13,DBPA,4:40,4.666666667,0,56,0
13,DBPA,4:45,4.75,0,56,0
13,DBPA,4:50,4.833333333,0,56,0
13,DBPA,4:55,4.916666667,0,56,0
13,DBPA,5:00,5,0,56,0
13,DBPA,5:05,5.083333333,0,56,0
13,DBPA,5:10,5.166666667,0,56,0
13,DBPA,5:15,5.25,0,56,0
13,DBPA,5:20,5.333333333,0,56,0
13,DBPA,5:25,5.416666667,0,56,0
13,DBPA,5:30,5.5,0,56,0
13,DBPA,5:35,5.583333333,0,56,0
13,DBPA,5:40,5.666666667,0,56,0
13,DBPA,5:45,5.75,0,56,0
13,DBPA,5:50,5.833333333,0,56,0
13,DBPA,5:55,5.916666667,0,56,0
13,DBPA,6:00,6,0,56,0
13,DBPA,6:05,6.083333333,0,56,0
13,DBPA,6:10,6.166666667,0,56,0
13,DBPA,6:15,6.25,0,56,0
13,DBPA,6:20,6.333333333,0,56,0
13,DBPA,6:25,6.416666667,0,56,0
13,DBPA,6:30,6.5,0,56,0
13,DBPA,6:35,6.583333333,0,56,0
13,DBPA,6:40,6.666666667,0,56,0
13,DBPA,6:45,6.75,0,56,0
13,DBPA,6:50,6.833333333,0,56,0
13,DBPA,6:55,6.916666667,0,56,0
13,DBPA,7:00,7,0,56,0
13,DBPA,7:05,7.083333333,0,56,0
13,DBPA,7:10,7.166666667,0,56,0
13,DBPA,7:15,7.25,0,56,0
13,DBPA,7:20,7.333333333,0,56,0
13,DBPA,7:25,7.416666667,0,56,0
13,DBPA,7:30,7.5,0,56,0
13,DBPA,7:35,7.583333333,0,56,0
13,DBPA,7:40,7.666666667,0,56,0
13,DBPA,7:45,7.75,0,56,0
13,DBPA,7:50,7.833333333,0,56,0
13,DBPA,7:55,7.916666667,0,56,0
13,DBPA,8:00,8,0,55,0
13,DBPA,8:05,8.083333333,0,55,0
13,DBPA,8:10,8.166666667,0,55,0
13,DBPA,8:15,8.25,0,55,0
13,DBPA,8:20,8.333333333,0,55,0
13,DBPA,8:25,8.416666667,0,55,0
13,DBPA,8:30,8.5,0,55,0
13,DBPA,8:35,8.583333333,0,55,0
13,DBPA,8:40,8.666666667,0,55,0
13,DBPA,8:45,8.75,0,55,0
13,DBPA,8:50,8.833333333,0,55,0
13,DBPA,8:55,8.916666667,0,55,0
13,DBPA,9:00,9,0,55,0
13,DBPA,9:05,9.083333333,0,55,0
13,DBPA,9:10,9.166666667,0,55,0
13,DBPA,9:15,9.25,0,55,0
13,DBPA,9:20,9.333333333,0,55,0
13,DBPA,9:25,9.416666667,0,55,0
13,DBPA,9:30,9.5,0,41,0
13,DBPA,9:35,9.583333333,0,41,0
13,DBPA,9:40,9.666666667,0,41,0
13,DBPA,9:45,9.75,0,41,0
13,DBPA,9:50,9.833333333,0,41,0
13,DBPA,9:55,9.916666667,0,41,0
13,DBPA,10:00,10,0,41,0
13,DBPA,10:05,10.08333333,0,41,0
13,DBPA,10:10,10.16666667,0,41,0
13,DBPA,10:15,10.25,0,41,0
13,DBPA,10:20,10.33333333,0,41,0
13,DBPA,10:25,10.41666667,0,41,0
13,DBPA,10:30,10.5,0,41,0
13,DBPA,10:35,10.58333333,0,41,0
13,DBPA,10:40,10.66666667,0,41,0
13,DBPA,10:45,10.75,0,41,0
13,DBPA,10:50,10.83333333,0,41,0
13,DBPA,10:55,10.91666667,0,41,0
13,DBPA,11:00,11,0,15,0
13,DBPA,11:05,11.08333333,0,15,0
13,DBPA,11:10,11.16666667,0,15,0
13,DBPA,11:15,11.25,0,15,0
13,DBPA,11:20,11.33333333,0,15,0
13,DBPA,11:25,11.41666667,0,15,0
13,DBPA,11:30,11.5,0,15,0
13,DBPA,11:35,11.58333333,0,15,0
13,DBPA,11:40,11.66666667,0,15,0
13,DBPA,11:45,11.75,0,15,0
13,DBPA,11:50,11.83333333,0,15,0
13,DBPA,11:55,11.91666667,0,15,0
13,DBPA,12:00,12,0,0,0